time_in_seconds,movement_score
6.666666666666667, 9.739307137154066
7.0, 9.95929864504807
7.333333333333333, 10.104071393555447
7.666666666666667, 10.178453956818576
8.0, 10.0938678473141
8.333333333333334, 10.090172699851667
8.666666666666666, 10.14735200838614
9.0, 10.136152675964883
9.333333333333334, 10.247651955745848
9.666666666666666, 10.097899124988896
10.0, 10.315985414797368
10.333333333333334, 10.56405172776255
10.666666666666666, 10.4523870217059
11.0, 10.5085283957375
11.333333333333334, 10.5361883124456
11.666666666666666, 10.446256945404773
12.0, 10.374875329266343
12.333333333333334, 10.34583079933116
12.666666666666666, 10.181733683737097
13.0, 9.959862419255185
13.333333333333334, 10.08552842068719
13.666666666666666, 10.021137114932838
14.0, 10.10468314983793
14.333333333333334, 10.153080801673095
14.666666666666666, 10.129198534749932
15.0, 10.152192326529363
15.333333333333334, 10.325482392632699
15.666666666666666, 10.23909902419435
16.0, 10.127465960706683
16.333333333333332, 10.150466073405454
16.666666666666668, 9.788591057729894
17.0, 9.661641279675731
17.333333333333332, 9.68214039611303
17.666666666666668, 9.617709855661218
18.0, 9.841309098113664
18.333333333333332, 10.00802186556907
18.666666666666668, 10.06671729160275
19.0, 9.881589247565326
19.333333333333332, 9.94311106716361
19.666666666666668, 10.210800838312009
20.0, 10.236550723279741
20.333333333333332, 10.18552510587499
20.666666666666668, 10.069179502330368
21.0, 10.025518541673057
21.333333333333332, 9.952728065698249
21.666666666666668, 9.879945051600712
22.0, 9.660169024932625
22.333333333333332, 9.792311230741271
22.666666666666668, 9.866580718214406
23.0, 9.972338422048194
23.333333333333332, 10.17997968860114
23.666666666666668, 10.136387142026244
24.0, 10.115502239920819
24.333333333333332, 10.278298735045663
24.666666666666668, 10.066715866916892
25.0, 9.824894294240243
25.333333333333332, 9.804497461777173
25.666666666666668, 9.885935024077087
26.0, 9.730321925902185
26.333333333333332, 9.420968219354922
26.666666666666668, 9.218381844535047
27.0, 9.016387574662135
27.333333333333332, 9.115967029333323
27.666666666666668, 9.139935360328863
28.0, 9.270172283492071
28.333333333333332, 9.4478554535142
28.666666666666668, 9.657573022233667
29.0, 9.703093156891622
29.333333333333332, 9.876594581704833
29.666666666666668, 9.950409778838935
30.0, 9.980200106343407
30.333333333333332, 10.199951797550249
30.666666666666668, 10.20735169468043
31.0, 10.211558330103728
31.333333333333332, 10.306932358788298
31.666666666666668, 10.411957192365442
32.0, 10.308307533131138
32.333333333333336, 10.316301865727507
32.666666666666664, 10.393492489412852
33.0, 10.604437406358507
33.333333333333336, 10.761855246911407
33.666666666666664, 10.798624789670967
34.0, 10.708966833029416
34.333333333333336, 10.711526025647942
34.666666666666664, 10.557151973889312
35.0, 10.464284296713949
35.333333333333336, 10.342653168778195
35.666666666666664, 10.235802324871752
36.0, 10.142564065575773
36.333333333333336, 9.901195473370224
36.666666666666664, 9.798707818120477
37.0, 9.651142599541277
37.333333333333336, 9.676517981164876
37.666666666666664, 9.52822770237822
38.0, 9.52677762721175
38.333333333333336, 9.749197192360366
38.666666666666664, 9.829496451111627
39.0, 9.86550093313053
39.333333333333336, 9.913874654538233
39.666666666666664, 9.859888603461282
40.0, 10.082918865129725
40.333333333333336, 10.311265285408611
40.666666666666664, 10.338775550543394
41.0, 10.328147468963202
41.333333333333336, 10.607088863425108
41.666666666666664, 10.59561192758501
42.0, 10.535586741144241
42.333333333333336, 10.600954585002512
42.666666666666664, 10.590527592701307
43.0, 10.647912624752783
43.333333333333336, 10.844859965896058
43.666666666666664, 10.840563349880373
44.0, 10.840720762694641
44.333333333333336, 10.822621615612466
44.666666666666664, 10.672839738433815
45.0, 10.380438717562898
45.333333333333336, 10.501590757604287
45.666666666666664, 10.482234888022502
46.0, 10.315799843181612
46.333333333333336, 10.312723911852352
46.666666666666664, 9.909648510573028
47.0, 9.762475135983149
47.333333333333336, 9.773882058928058
47.666666666666664, 9.6702609763367
48.0, 9.525739250821557
48.333333333333336, 9.572384702644225
48.666666666666664, 9.710111720411694
49.0, 9.72920548261935
49.333333333333336, 9.688241125431743
49.666666666666664, 9.61051852539387
50.0, 9.550346699050772
50.333333333333336, 9.652393084449672
50.666666666666664, 9.617092682771872
51.0, 9.560281832672171
51.333333333333336, 9.625240426844723
51.666666666666664, 9.691542786889574
52.0, 9.536738775269026
52.333333333333336, 9.62749069580563
52.666666666666664, 9.88194364605143
53.0, 9.902387709986266
53.333333333333336, 10.23027253538714
53.666666666666664, 10.297579582475988
54.0, 10.452369018788858
54.333333333333336, 10.525414902885379
54.666666666666664, 10.480412411881163
55.0, 10.515085565874816
55.333333333333336, 10.39935503649826
55.666666666666664, 10.297958192005124
56.0, 10.318804261567996
56.333333333333336, 10.396321830753585
56.666666666666664, 10.318561558657311
57.0, 10.217726522752558
57.333333333333336, 10.401928135816352
57.666666666666664, 10.427352049013432
58.0, 10.455137699175111
58.333333333333336, 10.649781054352278
58.666666666666664, 10.69884500583641
59.0, 10.590816988961105
59.333333333333336, 10.381970466357219
59.666666666666664, 10.295526306007584
60.0, 10.230416035560449
60.333333333333336, 10.527410609904939
60.666666666666664, 10.475781226732071
61.0, 10.515206295141619
61.333333333333336, 10.489535112109008
61.666666666666664, 10.29613800597997
62.0, 10.34717867275057
62.333333333333336, 10.288479518123157
62.666666666666664, 10.325798531266916
63.0, 10.28010021053959
63.333333333333336, 10.43427151350488
63.666666666666664, 10.42616184204326
64.0, 10.311614980479415
64.33333333333333, 10.542533901983505
64.66666666666667, 10.502849903633692
65.0, 10.317053449587966
65.33333333333333, 10.324886202334405
65.66666666666667, 10.253090357445037
66.0, 10.289426543007222
66.33333333333333, 10.440438459187364
66.66666666666667, 10.396405074200114
67.0, 10.096451328231634
67.33333333333333, 9.921272534977996
67.66666666666667, 9.809823577525954
68.0, 9.786435936612808
68.33333333333333, 9.926886526369477
68.66666666666667, 9.856101500706707
69.0, 9.861368473560066
69.33333333333333, 9.826937687042754
69.66666666666667, 9.970818678238473
70.0, 9.89436387550665
70.33333333333333, 9.851343252712583
70.66666666666667, 9.785461787481514
71.0, 9.664081101307172
71.33333333333333, 9.773505205741051
71.66666666666667, 9.886295953532207
72.0, 9.892289103458456
72.33333333333333, 9.929564947026268
72.66666666666667, 9.745556027921435
73.0, 9.55259549382395
73.33333333333333, 9.619846053594726
73.66666666666667, 9.636320215907569
74.0, 9.866639858160658
74.33333333333333, 9.907739231039603
74.66666666666667, 10.109900580787015
75.0, 10.079317063829704
75.33333333333333, 10.154367357960307
75.66666666666667, 10.290599583144555
76.0, 10.281999413424655
76.33333333333333, 10.179957730344935
76.66666666666667, 10.417007172303126
77.0, 10.50577442409401
77.33333333333333, 10.541250165412276
77.66666666666667, 10.545003804825258
78.0, 10.500217017071103
78.33333333333333, 10.494526147193973
78.66666666666667, 10.612710821269815
79.0, 10.664732936547042
79.33333333333333, 11.015631514805468
79.66666666666667, 11.076361435060395
80.0, 10.90862218049145
80.33333333333333, 11.019309454384802
80.66666666666667, 10.89120697931791
81.0, 11.077899863327403
81.33333333333333, 11.155035803559993
81.66666666666667, 11.180803920436961
82.0, 11.246044283648219
82.33333333333333, 11.41380652547208
82.66666666666667, 11.58048187293135
83.0, 11.607883005416326
83.33333333333333, 11.49226854891895
83.66666666666667, 11.439446111831842
84.0, 11.44000341065573
84.33333333333333, 11.461459756977433
84.66666666666667, 11.361973793861798
85.0, 11.434648568448337
85.33333333333333, 11.427144425476182
85.66666666666667, 11.425849257778289
86.0, 11.23720829313583
86.33333333333333, 11.24012269977831
86.66666666666667, 11.259642148036708
87.0, 11.087611298489842
87.33333333333333, 11.10321743234898
87.66666666666667, 11.173857997621742
88.0, 11.126046211889001
88.33333333333333, 11.254668871979367
88.66666666666667, 11.206104806021974
89.0, 10.974796186529373
89.33333333333333, 10.83015234214092
89.66666666666667, 10.899981735671746
90.0, 10.815842420430908
90.33333333333333, 10.939346837090717
90.66666666666667, 11.020501345495642
91.0, 10.901461736107182
91.33333333333333, 11.000610739660205
91.66666666666667, 10.81162246201611
92.0, 10.732103786543162
92.33333333333333, 10.824468596766273
92.66666666666667, 10.856202243941489
93.0, 10.92935956542588
93.33333333333333, 10.97273057692421
93.66666666666667, 10.974294319292353
94.0, 10.977668298987311
94.33333333333333, 10.734905148273652
94.66666666666667, 10.646423695996207
95.0, 10.555009382869875
95.33333333333333, 10.595018782984706
95.66666666666667, 10.509641966376925
96.0, 10.572992906566002
96.33333333333333, 10.645923282980437
96.66666666666667, 10.625024515522993
97.0, 10.691518947856977
97.33333333333333, 10.700296884153962
97.66666666666667, 10.728239464040806
98.0, 10.704360826985909
98.33333333333333, 10.905657580326226
98.66666666666667, 10.840258832629587
99.0, 10.786518987240132
99.33333333333333, 10.748112827288029
99.66666666666667, 10.647562640837991
100.0, 10.62666990573024
100.33333333333333, 10.634970766786616
100.66666666666667, 10.616084761602162
101.0, 10.950806819345965
101.33333333333333, 10.786538912913867
101.66666666666667, 10.657330834672086
102.0, 10.569162639675394
102.33333333333333, 10.72609935736714
102.66666666666667, 10.62713384720817
103.0, 10.345334590700457
103.33333333333333, 10.328551206342452
103.66666666666667, 10.137062882622468
104.0, 10.011739541534812
104.33333333333333, 10.008334647975888
104.66666666666667, 9.824498185999724
105.0, 9.724893196983874
105.33333333333333, 9.979455041382867
105.66666666666667, 9.884600811712222
106.0, 9.97672662993414
106.33333333333333, 10.097300715526266
106.66666666666667, 10.219515253651483
107.0, 10.138992556974605
107.33333333333333, 10.23414670009391
107.66666666666667, 9.758688501181215
108.0, 9.784466294240081
108.33333333333333, 10.063072812111495
108.66666666666667, 10.0132190425195
109.0, 9.93157958042546
109.33333333333333, 10.054770821546642
109.66666666666667, 10.215390831232167
110.0, 10.415467043468366
110.33333333333333, 10.46784515559995
110.66666666666667, 10.63252603252932
111.0, 10.775025465553703
111.33333333333333, 10.914526057831154
111.66666666666667, 10.806312526837912
112.0, 10.615313645230412
112.33333333333333, 10.886055281876725
112.66666666666667, 10.805298883697537
113.0, 10.771896283347507
113.33333333333333, 10.68815751900144
113.66666666666667, 10.645564927583619
114.0, 10.475796710454054
114.33333333333333, 10.761472143755432
114.66666666666667, 10.783417267876487
115.0, 10.550909283753354
115.33333333333333, 10.579893767648901
115.66666666666667, 10.595085759132122
116.0, 10.504620784107932
116.33333333333333, 10.542288054623892
116.66666666666667, 10.288578701169154
117.0, 10.574959970756058
117.33333333333333, 10.587920525897763
117.66666666666667, 10.651294752519084
118.0, 10.602333054404529
118.33333333333333, 10.723001245937848
118.66666666666667, 10.76113815481392
119.0, 10.404199058941135
119.33333333333333, 10.429416508982564
119.66666666666667, 10.418147500956763
120.0, 10.2714222526983
120.33333333333333, 10.399791138358703
120.66666666666667, 10.247085853438502
121.0, 10.180662127862096
121.33333333333333, 10.177930624612122
121.66666666666667, 10.086884360078248
122.0, 10.102991561827169
122.33333333333333, 10.149887213998579
122.66666666666667, 10.092416108997323
123.0, 9.79930821374289
123.33333333333333, 9.826157716213704
123.66666666666667, 9.516925341482622
124.0, 9.420922146328417
124.33333333333333, 9.347357001317215
124.66666666666667, 9.316582723303984
125.0, 9.235627873404422
125.33333333333333, 9.313126136753228
125.66666666666667, 9.431693597663749
126.0, 9.371097214945276
126.33333333333333, 9.460080240925024
126.66666666666667, 9.701219629941042
127.0, 9.704939553900443
127.33333333333333, 9.920675233002989
127.66666666666667, 9.80505810434666
128.0, 9.832850206443975
128.33333333333334, 10.076534527763528
128.66666666666666, 10.04675274351489
129.0, 9.919064177533617
129.33333333333334, 9.940225963968727
129.66666666666666, 10.115637305600426
130.0, 10.188318635177382
130.33333333333334, 10.250376114287487
130.66666666666666, 10.351958600074378
131.0, 10.235964518469464
131.33333333333334, 10.594164454668007
131.66666666666666, 10.712691321585813
132.0, 10.61312159740469
132.33333333333334, 10.659560991328286
132.66666666666666, 10.655537494966765
133.0, 10.602243073294733
133.33333333333334, 10.400520383726217
133.66666666666666, 10.21997312999844
134.0, 10.284444766276021
134.33333333333334, 10.28614522560385
134.66666666666666, 10.217098614340937
135.0, 9.994144912248647
135.33333333333334, 9.85794148555323
135.66666666666666, 9.88964710568326
136.0, 9.80424359994833
136.33333333333334, 9.907318489016456
136.66666666666666, 9.67654920613034
137.0, 9.53208991410537
137.33333333333334, 9.556645267902727
137.66666666666666, 9.40043047008152
138.0, 9.05489623302118
138.33333333333334, 8.949873546201756
138.66666666666666, 8.763090738553878
139.0, 8.65910320762833
139.33333333333334, 8.71904168692495
139.66666666666666, 8.508916245430015
140.0, 8.55433009407557
140.33333333333334, 8.822832694271915
140.66666666666666, 8.790952998171903
141.0, 8.854838132779753
141.33333333333334, 8.871040238793302
141.66666666666666, 9.140350655888597
142.0, 9.308814248140873
142.33333333333334, 9.537795919799027
142.66666666666666, 9.643618021307908
143.0, 9.71565918124657
143.33333333333334, 9.856147701138534
143.66666666666666, 9.975790510442717
144.0, 9.904150455694111
144.33333333333334, 10.173472364832872
144.66666666666666, 10.287283635760403
145.0, 10.491440044207708
145.33333333333334, 10.545116469132847
145.66666666666666, 10.672104409942328
146.0, 10.792241686513579
146.33333333333334, 11.019421244488335
146.66666666666666, 11.044800663711488
147.0, 10.979678823530595
147.33333333333334, 11.1532935857545
147.66666666666666, 11.2097738858228
148.0, 11.282050065370345
148.33333333333334, 11.13250481481295
148.66666666666666, 11.125591991321876
149.0, 10.91279462333245
149.33333333333334, 10.950014228952334
149.66666666666666, 10.816658058974149
150.0, 10.93732875191468
150.33333333333334, 11.04788884013401
150.66666666666666, 11.149323908461076
151.0, 11.257185417763967
151.33333333333334, 11.418704213536621
151.66666666666666, 11.41729733680695
152.0, 11.665420291829191
152.33333333333334, 11.961696208910624
152.66666666666666, 11.808641199200853
153.0, 11.703184744084357
153.33333333333334, 11.685137581926082
153.66666666666666, 11.560107884075926
154.0, 11.35160073219558
154.33333333333334, 11.35835403835971
154.66666666666666, 11.472648362202724
155.0, 11.287815030876434
155.33333333333334, 11.394227828535122
155.66666666666666, 11.532210072462828
156.0, 11.559543988829784
156.33333333333334, 11.909233105052364
156.66666666666666, 11.879242837932846
157.0, 11.67675602681157
157.33333333333334, 11.553386310266916
157.66666666666666, 11.44277126301478
158.0, 11.298016277016265
158.33333333333334, 11.068124436563975
158.66666666666666, 10.917649591126885
159.0, 10.642353340985476
159.33333333333334, 10.881748632496228
159.66666666666666, 10.993681616556907
160.0, 11.048535579273894
160.33333333333334, 11.390713388938511
160.66666666666666, 11.518763061265503
161.0, 11.537824826177545
161.33333333333334, 11.47456618999593
161.66666666666666, 11.678517858126218
162.0, 11.789433531937615
162.33333333333334, 11.855791285062425
162.66666666666666, 11.654768369956226
163.0, 11.250235260612913
163.33333333333334, 11.12707895715282
163.66666666666666, 11.243504229541921
164.0, 11.523424900435487
164.33333333333334, 11.536019525804107
164.66666666666666, 11.547000812488026
165.0, 11.65487961464899
165.33333333333334, 11.565935452220952
165.66666666666666, 11.572353842095215
166.0, 11.414384989395504
166.33333333333334, 11.31494062492106
166.66666666666666, 11.426515024371515
167.0, 11.078935684079847
167.33333333333334, 11.072763906098984
167.66666666666666, 10.837952108065837
168.0, 10.589857179986318
168.33333333333334, 10.712279912633615
168.66666666666666, 10.396941329480779
169.0, 10.15266818874537
169.33333333333334, 10.20254597556991
169.66666666666666, 10.091860871271713
170.0, 10.179556290186053
170.33333333333334, 9.956679901579566
170.66666666666666, 9.573284650918165
171.0, 9.293081387672744
171.33333333333334, 9.150346888009018
171.66666666666666, 8.96922021517285
172.0, 8.848494460941058
172.33333333333334, 8.720630645600654
172.66666666666666, 8.461255864290786
173.0, 8.213672467141993
173.33333333333334, 7.924651973777638
173.66666666666666, 8.040101192206786
174.0, 7.9734948894560365
174.33333333333334, 8.288068215903717
174.66666666666666, 8.467327882617274
175.0, 8.324319149089984
175.33333333333334, 8.599412460134024
175.66666666666666, 8.607630100473216
176.0, 8.636412750325292
176.33333333333334, 8.780761807315043
176.66666666666666, 8.596257706768792
177.0, 8.896263804140695
177.33333333333334, 9.017503353771023
177.66666666666666, 9.043519995655945
178.0, 9.104466937756325
178.33333333333334, 9.276242988516021
178.66666666666666, 9.186372610476136
179.0, 9.055007428186416
179.33333333333334, 9.254449891175572
179.66666666666666, 9.2311053245072
180.0, 9.203268412405489
180.33333333333334, 9.065543575461138
180.66666666666666, 8.863065427740022
181.0, 8.657696044110915
181.33333333333334, 8.546036609241986
181.66666666666666, 8.62568584331255
182.0, 8.44293273343257
182.33333333333334, 8.614524342080973
182.66666666666666, 8.814894645734581
183.0, 8.758439130443959
183.33333333333334, 8.8440098937903
183.66666666666666, 8.635522881512752
184.0, 8.731688178027358
184.33333333333334, 8.946986094727624
184.66666666666666, 8.873383199103719
185.0, 8.600904143155116
185.33333333333334, 8.829224934145829
185.66666666666666, 9.153196088614566
186.0, 9.17150329866986
186.33333333333334, 9.433885824930208
186.66666666666666, 9.393553849739499
187.0, 9.31209192559241
187.33333333333334, 9.451462440473886
187.66666666666666, 9.364528829975232
188.0, 9.590079621543191
188.33333333333334, 9.82029682788681
188.66666666666666, 9.81653481949657
189.0, 9.631376282778774
189.33333333333334, 9.448498657237073
189.66666666666666, 9.388915951372777
190.0, 9.253463079831443
190.33333333333334, 9.228112445139887
190.66666666666666, 9.016832996209319
191.0, 9.092708685412592
191.33333333333334, 9.386452267070595
191.66666666666666, 9.669957981054877
192.0, 9.774519364133322
192.33333333333334, 9.880877305655924
192.66666666666666, 9.743172635031904
193.0, 9.60438208744461
193.33333333333334, 9.77548159796388
193.66666666666666, 9.924850957438936
194.0, 10.043866337032147
194.33333333333334, 10.364449213501727
194.66666666666666, 10.181790154202087
195.0, 10.045102633971704
195.33333333333334, 10.144963793027731
195.66666666666666, 10.261700960385614
196.0, 10.290947436390194
196.33333333333334, 10.680508430411232
196.66666666666666, 10.836224629856165
197.0, 11.008520957636668
197.33333333333334, 10.986706445167655
197.66666666666666, 10.818739616952715
198.0, 10.897693475076341
198.33333333333334, 10.866804864092998
198.66666666666666, 10.940927728474797
199.0, 10.919155736502118
199.33333333333334, 11.04143472870605
199.66666666666666, 11.07956112672677
200.0, 11.317980293202048
200.33333333333334, 11.336946920199793
200.66666666666666, 11.279762330072618
201.0, 10.92679684620376
201.33333333333334, 10.915355341489498
201.66666666666666, 10.614268152826554
202.0, 10.679552733161824
202.33333333333334, 10.62987655762469
202.66666666666666, 10.593624692948232
203.0, 10.36225899481413
203.33333333333334, 10.571270939326954
203.66666666666666, 10.413874086771212
204.0, 10.492054192373333
204.33333333333334, 10.456274472674401
204.66666666666666, 10.02974197409532
205.0, 9.89516979067788
205.33333333333334, 9.751095475524798
205.66666666666666, 9.615655833690187
206.0, 9.462467291355868
206.33333333333334, 9.568529465399157
206.66666666666666, 9.188178020993353
207.0, 9.123560926518469
207.33333333333334, 8.991267032559566
207.66666666666666, 8.876571352603268
208.0, 8.81969342933094
208.33333333333334, 8.95230197120471
208.66666666666666, 8.803285054816474
209.0, 8.861162854418172
209.33333333333334, 9.324954699648849
209.66666666666666, 9.305346306720425
210.0, 9.337807941258196
210.33333333333334, 9.588256622914102
210.66666666666666, 9.657371636956738
211.0, 9.811816884782436
211.33333333333334, 9.981154252380026
211.66666666666666, 10.287049825407262
212.0, 10.417126047474294
212.33333333333334, 10.295100768713663
212.66666666666666, 10.59347235920281
213.0, 10.539290016688478
213.33333333333334, 10.68685300275608
213.66666666666666, 10.703570219846378
214.0, 10.682462387251672
214.33333333333334, 10.876952956854245
214.66666666666666, 10.924389534245195
215.0, 10.87621400871841
215.33333333333334, 11.014091235920949
215.66666666666666, 11.10174985736294
216.0, 10.688744498025166
216.33333333333334, 10.863361194373388
216.66666666666666, 10.606230928388705
217.0, 10.483705540627255
217.33333333333334, 10.612313469246693
217.66666666666666, 10.635939438921723
218.0, 10.781701578948876
218.33333333333334, 10.590594739712824
218.66666666666666, 10.477834771056688
219.0, 10.585570124170424
219.33333333333334, 10.380871858164078
219.66666666666666, 10.311387381046131
220.0, 10.54789558022294
220.33333333333334, 10.858009837086804
220.66666666666666, 10.881281922374011
221.0, 10.773042228944622
221.33333333333334, 10.87422351047734
221.66666666666666, 10.834829992019772
222.0, 10.703510898969217
222.33333333333334, 10.568933968013962
222.66666666666666, 10.417049925042356
223.0, 10.316576554395104
223.33333333333334, 10.334688165332338
223.66666666666666, 10.022423953861452
224.0, 9.688688636048564
224.33333333333334, 9.414689099163237
224.66666666666666, 9.087532552928169
225.0, 9.006699185600855
225.33333333333334, 8.850639978024555
225.66666666666666, 8.752912045401333
226.0, 8.659030466860937
226.33333333333334, 8.770119987326748
226.66666666666666, 8.442117503873037
227.0, 8.029658417681151
227.33333333333334, 8.087758987055299
227.66666666666666, 7.9898146993574
228.0, 7.875174805078966
228.33333333333334, 7.861520586937699
228.66666666666666, 7.784380549310069
229.0, 7.749478500341503
229.33333333333334, 7.777329429520705
229.66666666666666, 7.661708170315201
230.0, 7.68337078279135
230.33333333333334, 8.035196342794569
230.66666666666666, 8.09871428635207
231.0, 8.27481448412511
231.33333333333334, 8.28980992248793
231.66666666666666, 8.156341381077137
232.0, 8.237835513240785
232.33333333333334, 8.237477893075589
232.66666666666666, 8.22484839449535
233.0, 8.172119529249455
233.33333333333334, 8.370170463434961
233.66666666666666, 8.498992131570018
234.0, 8.532186120442969
234.33333333333334, 9.134381291082796
234.66666666666666, 9.15414353967987
235.0, 9.305144380161927
235.33333333333334, 9.371851713772418
235.66666666666666, 9.407157201392305
236.0, 9.644941259493839
236.33333333333334, 9.55373780042434
236.66666666666666, 9.424327829909625
237.0, 9.086805323406885
237.33333333333334, 9.022718134023599
237.66666666666666, 8.77890193665294
238.0, 8.769979729295931
238.33333333333334, 8.908572158708418
238.66666666666666, 8.798575837557545
239.0, 8.711876669506779
239.33333333333334, 8.846224661943513
239.66666666666666, 9.002816108083627
240.0, 8.790985848680936
240.33333333333334, 8.797707482771754
240.66666666666666, 8.691209115445705
241.0, 8.288877546380615
241.33333333333334, 8.293481519358064
241.66666666666666, 8.188579929728416
242.0, 8.289995947309473
242.33333333333334, 8.24174411228842
242.66666666666666, 7.93258360585448
243.0, 7.875942359205309
243.33333333333334, 7.937739523280408
243.66666666666666, 8.15247877036252
244.0, 8.219450198229564
244.33333333333334, 8.46643048653067
244.66666666666666, 8.598009065623932
245.0, 8.548006160774873
245.33333333333334, 8.736276640950962
245.66666666666666, 8.691119029525009
246.0, 8.689464069363734
246.33333333333334, 8.58590026732968
246.66666666666666, 8.788839680731483
247.0, 8.729023950958632
247.33333333333334, 8.885354596696214
247.66666666666666, 8.780345624616565
248.0, 8.628526618594444
248.33333333333334, 8.565284528341044
248.66666666666666, 8.25654843091355
249.0, 8.125191354888788
249.33333333333334, 8.183324023120758
249.66666666666666, 8.268115147747894
250.0, 8.210172958075649
250.33333333333334, 8.184678502024443
250.66666666666666, 8.246785199251057
251.0, 8.239151148562403
251.33333333333334, 8.17482321059773
251.66666666666666, 8.11583625749044
252.0, 8.13015171103197
252.33333333333334, 8.354424783036313
252.66666666666666, 8.41714202486477
253.0, 8.443091968030778
253.33333333333334, 8.260984724996115
253.66666666666666, 8.38293812923249
254.0, 8.261066103601056
254.33333333333334, 8.54325410278337
254.66666666666666, 8.804846420667543
255.0, 8.65711365221138
255.33333333333334, 8.846203105093212
255.66666666666666, 8.79293159215641
256.0, 8.673739263880684
256.3333333333333, 8.439658455412134
256.6666666666667, 8.269325003468229
257.0, 8.134066900289579
257.3333333333333, 8.001374535925155
257.6666666666667, 7.860911594216539
258.0, 7.848222590917535
258.3333333333333, 8.114144586134485
258.6666666666667, 7.901368303681183
259.0, 7.787129723221018
259.3333333333333, 7.774780741408399
259.6666666666667, 7.645431267904631
260.0, 7.7015728262949015
260.3333333333333, 7.674169537654602
260.6666666666667, 7.63472620015394
261.0, 7.466062223073903
261.3333333333333, 7.584957386837561
261.6666666666667, 7.824702805222712
262.0, 7.9355134698536105
262.3333333333333, 8.233879039883146
262.6666666666667, 8.245765080855701
263.0, 8.598646669727353
263.3333333333333, 8.90938375429685
263.6666666666667, 9.26579246675153
264.0, 9.485851862232327
264.3333333333333, 9.82445279265772
264.6666666666667, 10.180130032532498
265.0, 10.195194584413494
265.3333333333333, 10.485940138120242
265.6666666666667, 10.40771065892556
266.0, 10.444882339030032
266.3333333333333, 10.88848065898683
266.6666666666667, 10.876606559419546
267.0, 10.7288740966912
267.3333333333333, 10.746105709323249
267.6666666666667, 10.76198206476511
268.0, 10.51731278876997
268.3333333333333, 10.333581645163466
268.6666666666667, 10.172094013856519
269.0, 10.030598994460986
269.3333333333333, 10.179936981411121
269.6666666666667, 10.11155533361276
270.0, 10.035653346891099
270.3333333333333, 9.796924133037143
270.6666666666667, 9.687949338019521
271.0, 9.654809278088779
271.3333333333333, 9.557854416211832
271.6666666666667, 9.465750697777638
272.0, 9.213316100287539
272.3333333333333, 9.230705577364596
272.6666666666667, 9.010594770441518
273.0, 8.7466291895179
273.3333333333333, 8.871289407778736
273.6666666666667, 8.861212323814616
274.0, 8.857872363124779
274.3333333333333, 9.081466722739776
274.6666666666667, 9.236983811518135
275.0, 9.750234559181061
275.3333333333333, 10.173813848882178
275.6666666666667, 10.360528168105358
276.0, 10.615175166359474
276.3333333333333, 10.853458302307997
276.6666666666667, 11.024520674162796
277.0, 11.085157394570171
277.3333333333333, 11.131988693858734
277.6666666666667, 10.945667677384524
278.0, 10.922144863271217
278.3333333333333, 10.962400554243699
278.6666666666667, 11.138290050961553
279.0, 11.371669866433708
279.3333333333333, 11.548035141214852
279.6666666666667, 11.416984935782786
280.0, 11.204578992115113
280.3333333333333, 11.402101081859875
280.6666666666667, 11.543510955842612
281.0, 11.560712177256173
281.3333333333333, 11.510316432520263
281.6666666666667, 11.120727684257734
282.0, 11.064446335511468
282.3333333333333, 10.921236563530627
282.6666666666667, 10.879162844901186
283.0, 10.623343070437766
283.3333333333333, 10.659605465568154
283.6666666666667, 10.600650928732872
284.0, 10.5919455465211
284.3333333333333, 10.834632510095208
284.6666666666667, 10.7961031564905
285.0, 10.954514070419359
285.3333333333333, 10.891215557443475
285.6666666666667, 10.711197450099181
286.0, 10.631767521746905
286.3333333333333, 10.902486902433418
286.6666666666667, 10.921202760517607
287.0, 10.869828843779787
287.3333333333333, 11.075453122231787
287.6666666666667, 10.72231069202668
288.0, 10.622763377407383
288.3333333333333, 10.681039019221723
288.6666666666667, 10.233320151088156
289.0, 10.157359352527482
289.3333333333333, 9.91149896262001
289.6666666666667, 9.887463113013775
290.0, 9.885354875471464
290.3333333333333, 10.167070023171895
290.6666666666667, 10.140190892393809
291.0, 9.80461916347982
291.3333333333333, 9.71129328357254
291.6666666666667, 9.400941641550293
292.0, 9.317802464946116
292.3333333333333, 9.332510713268274
292.6666666666667, 9.275692499587475
293.0, 9.020782983184118
293.3333333333333, 8.915670083398009
293.6666666666667, 8.668806672486959
294.0, 8.442261168663466
294.3333333333333, 8.550651641880812
294.6666666666667, 8.494524710100515
295.0, 8.41846331128178
295.3333333333333, 8.552921916072581
295.6666666666667, 8.55602317630667
296.0, 8.612182882570703
296.3333333333333, 8.950824720166022
296.6666666666667, 8.795625963218393
297.0, 8.359097201852009
297.3333333333333, 8.27419326496077
297.6666666666667, 8.202972466783612
298.0, 8.113355494842313
298.3333333333333, 8.19598887474197
298.6666666666667, 8.097739629007645
299.0, 7.923523920944549
299.3333333333333, 8.031581941014808
299.6666666666667, 7.950597649823318
300.0, 8.084120590528546
300.3333333333333, 8.557830640190456
300.6666666666667, 8.416190407978597
301.0, 8.745027480295263
301.3333333333333, 8.962619057483005
301.6666666666667, 9.032637240583089
302.0, 8.918633000302307
302.3333333333333, 9.26391226374253
302.6666666666667, 9.138266333844381
303.0, 8.940806490288438
303.3333333333333, 9.159595641842028
303.6666666666667, 9.389789908422783
304.0, 9.41275202032275
304.3333333333333, 9.780275022966793
304.6666666666667, 9.932793940938604
305.0, 10.049692596304308
305.3333333333333, 10.337659893396298
305.6666666666667, 10.365034908453499
306.0, 10.297423429148031
306.3333333333333, 10.480138112073137
306.6666666666667, 10.605692807539413
307.0, 10.272490928482346
307.3333333333333, 10.403755274442005
307.6666666666667, 10.117631996502887
308.0, 9.979514000495785
308.3333333333333, 9.919380043395078
308.6666666666667, 9.89342966027329
309.0, 9.582199383240333
309.3333333333333, 9.968823470880972
309.6666666666667, 9.712228902392265
310.0, 9.444769575997471
310.3333333333333, 9.649990263880339
310.6666666666667, 9.77362964383058
311.0, 9.478350677933863
311.3333333333333, 9.315185606170274
311.6666666666667, 9.083328685463291
312.0, 9.057553313965837
312.3333333333333, 9.24921433494426
312.6666666666667, 9.13820128575929
313.0, 9.052779979406848
313.3333333333333, 9.05177022921925
313.6666666666667, 9.054501442249826
314.0, 9.184966478060945
314.3333333333333, 9.19454571917454
314.6666666666667, 9.182477471299322
315.0, 9.1757549538734
315.3333333333333, 9.507493216225665
315.6666666666667, 9.47804831706486
316.0, 9.131878731256085
316.3333333333333, 9.212211684698579
316.6666666666667, 9.277966405510792
317.0, 9.116652820896935
317.3333333333333, 9.03658680139784
317.6666666666667, 9.262252444503206
318.0, 9.342543569855069
318.3333333333333, 9.400941931443302
318.6666666666667, 9.272865803044589
319.0, 9.12473971679625
319.3333333333333, 9.256159290784966
319.6666666666667, 9.212018611853278
320.0, 9.209703737020616
320.3333333333333, 9.238046279578414
320.6666666666667, 8.932919657487492
321.0, 8.89863005396861
321.3333333333333, 8.951605820761745
321.6666666666667, 8.932099829323608
322.0, 8.81206064167663
322.3333333333333, 8.815624208641399
322.6666666666667, 8.949658290143342
323.0, 8.926580750653553
323.3333333333333, 8.826962455114348
323.6666666666667, 8.704607352598405
324.0, 8.682206990964412
324.3333333333333, 8.684983613564883
324.6666666666667, 8.73272647541491
325.0, 8.777393540530875
325.3333333333333, 8.884525007681942
325.6666666666667, 9.102384629549004
326.0, 9.022647731885169
326.3333333333333, 8.94835201294303
326.6666666666667, 8.898820510101363
327.0, 8.880812443671905
327.3333333333333, 9.128998696107796
327.6666666666667, 9.422113685090718
328.0, 9.598719799369896
328.3333333333333, 9.845208905660522
328.6666666666667, 9.841444343533102
329.0, 9.944351241261115
329.3333333333333, 9.977127130583659
329.6666666666667, 10.064053412460161
330.0, 10.154223095805401
330.3333333333333, 10.255991727857712
330.6666666666667, 10.128859865958187
331.0, 9.919370875028005
331.3333333333333, 9.78669642967184
331.6666666666667, 9.643063930500407
332.0, 9.583588868291619
332.3333333333333, 9.421513878540205
332.6666666666667, 9.469641019768236
333.0, 9.538160851617437
333.3333333333333, 9.344466983164892
333.6666666666667, 9.225668558717299
334.0, 8.95248362836129
334.3333333333333, 8.608625432318654
334.6666666666667, 8.333859211296291
335.0, 8.174584807371462
335.3333333333333, 8.142645597571962
335.6666666666667, 7.912861043412439
336.0, 7.863482537385043
336.3333333333333, 7.733705622010059
336.6666666666667, 7.412946855491329
337.0, 7.2718964184817425
337.3333333333333, 7.334622330212461
337.6666666666667, 7.296489146106983
338.0, 7.356347373681102
338.3333333333333, 7.556882795538778
338.6666666666667, 7.525208327845029
339.0, 7.482799913612756
339.3333333333333, 7.566959060777952
339.6666666666667, 7.589838498592681
340.0, 7.811514478019783
340.3333333333333, 8.097428285363835
340.6666666666667, 8.324654949345394
341.0, 8.482744292608876
341.3333333333333, 8.801326974784788
341.6666666666667, 8.748795554874032
342.0, 9.13829999468561
342.3333333333333, 9.8157475593169
342.6666666666667, 9.775792545652052
343.0, 9.800647332152064
343.3333333333333, 10.123470459113786
343.6666666666667, 10.05015493509527
344.0, 10.141632370726724
344.3333333333333, 10.237365019229248
344.6666666666667, 10.231295642530615
345.0, 10.228725760782424
345.3333333333333, 10.106937201182046
345.6666666666667, 10.00905338025429
346.0, 9.892389604823945
346.3333333333333, 10.078859454688937
346.6666666666667, 10.175936555014825
347.0, 10.032751477555609
347.3333333333333, 10.073773808639345
347.6666666666667, 10.055025218748309
348.0, 9.900448099468665
348.3333333333333, 9.973977861780025
348.6666666666667, 9.733699330471548
349.0, 9.207819016686889
349.3333333333333, 9.174008148095664
349.6666666666667, 9.339003873606233
350.0, 9.23092637181328
350.3333333333333, 9.381768985085165
350.6666666666667, 9.366962797969949
351.0, 9.386996515065146
351.3333333333333, 9.409435561348962
351.6666666666667, 9.301179469220012
352.0, 9.263785525534244
352.3333333333333, 9.464291131350343
352.6666666666667, 9.485718345310595
353.0, 9.339938458180367
353.3333333333333, 9.079055106701084
353.6666666666667, 8.949002331195972
354.0, 8.82135315174661
354.3333333333333, 8.688208785754782
354.6666666666667, 8.791908691134399
355.0, 8.895905982730714
355.3333333333333, 8.909165129935008
355.6666666666667, 8.993492252796573
356.0, 8.989537556253822
356.3333333333333, 8.835590229191277
356.6666666666667, 8.80064332356758
357.0, 8.831873764967346
357.3333333333333, 8.801392613253395
357.6666666666667, 8.790874257947383
358.0, 8.848792991588123
358.3333333333333, 9.069119511450149
358.6666666666667, 9.160809173205987
359.0, 9.10652769772323
359.3333333333333, 9.403803525501427
359.6666666666667, 9.543281713737372
360.0, 9.751145559146389
360.3333333333333, 10.025701657871352
360.6666666666667, 10.178806195698039
361.0, 10.221311809342938
361.3333333333333, 10.050532497557253
361.6666666666667, 9.998987535681524
362.0, 10.059968051277352
362.3333333333333, 10.41781949816244
362.6666666666667, 10.42465020497362
363.0, 10.787224983065324
363.3333333333333, 10.807631626636866
363.6666666666667, 10.818526381874523
364.0, 10.95567096728055
364.3333333333333, 11.382325996888428
364.6666666666667, 11.402244451036072
365.0, 11.249674784893287
365.3333333333333, 11.432299437607341
365.6666666666667, 11.380484293253392
366.0, 11.093979960676338
366.3333333333333, 11.045273503179208
366.6666666666667, 10.786789623467925
367.0, 10.521675238426523
367.3333333333333, 10.292247137309118
367.6666666666667, 10.29462462287945
368.0, 10.320438815687789
368.3333333333333, 10.353393536078304
368.6666666666667, 10.164196753406197
369.0, 9.694387176737177
369.3333333333333, 9.84960206979645
369.6666666666667, 9.474780177040676
370.0, 9.5463933300631
370.3333333333333, 9.464348326591727
370.6666666666667, 9.227941272348842
371.0, 8.955426362838441
371.3333333333333, 9.001892941591759
371.6666666666667, 8.948031233322899
372.0, 8.7909280559831
372.3333333333333, 8.777163917351954
372.6666666666667, 8.666290268558242
373.0, 8.505890195248954
373.3333333333333, 8.626815165212866
373.6666666666667, 8.69082834932421
374.0, 8.678250494187603
374.3333333333333, 8.626215154209685
374.6666666666667, 8.353188506350648
375.0, 8.005659927204693
375.3333333333333, 7.931356318087974
375.6666666666667, 7.873198585302816
376.0, 7.677232703506424
376.3333333333333, 7.569075594938852
376.6666666666667, 7.297357826309534
377.0, 7.175767185976556
377.3333333333333, 7.275032830806502
377.6666666666667, 7.026091113094573
378.0, 6.836712731946186
378.3333333333333, 6.847177692396718
378.6666666666667, 6.7648851311534575
379.0, 6.968537719821245
379.3333333333333, 7.1073574779256985
379.6666666666667, 7.038149503045065
380.0, 6.973720804085916
380.3333333333333, 7.040852248410177
380.6666666666667, 7.251150822527248
381.0, 7.698209303803493
381.3333333333333, 8.14419960305926
381.6666666666667, 8.284917303525805
382.0, 8.254848534857185
382.3333333333333, 8.240108441792525
382.6666666666667, 8.18844733124769
383.0, 8.314002398295903
383.3333333333333, 8.60465659955799
383.6666666666667, 8.737412485484551
384.0, 8.85283528650409
384.3333333333333, 9.2059052202009
384.6666666666667, 9.484921805561282
385.0, 9.49537006661956
385.3333333333333, 9.705660843502665
385.6666666666667, 9.62855037219311
386.0, 9.562506136918921
386.3333333333333, 9.734713271367335
386.6666666666667, 9.690009250889405
387.0, 9.74019844424277
387.3333333333333, 9.755071063356464
387.6666666666667, 9.435173455254814
388.0, 9.268095231993964
388.3333333333333, 9.43546520378731
388.6666666666667, 9.92334371332274
389.0, 10.172966883057793
389.3333333333333, 10.592117081920183
389.6666666666667, 10.791773135101927
390.0, 10.779754035645434
390.3333333333333, 10.915767720112553
390.6666666666667, 10.747693193345848
391.0, 10.541982311282206
391.3333333333333, 10.452653329234867
391.6666666666667, 10.491506453300243
392.0, 10.46036511469404
392.3333333333333, 10.543307887584051
392.6666666666667, 10.671293837104525
393.0, 10.725574436218395
393.3333333333333, 10.803733578603325
393.6666666666667, 10.884973023914338
394.0, 10.851730640405275
394.3333333333333, 10.867578753102766
394.6666666666667, 10.8047748581239
395.0, 10.671870145676213
395.3333333333333, 10.342876416750068
395.6666666666667, 10.597866889753117
396.0, 10.6835731669975
396.3333333333333, 10.822767186959414
396.6666666666667, 10.683950014583846
397.0, 10.46727144155523
397.3333333333333, 10.578867270169626
397.6666666666667, 10.525851381231323
398.0, 10.331032264619115
398.3333333333333, 10.356903910813058
398.6666666666667, 10.29272154831215
399.0, 10.178933877021523
399.3333333333333, 10.056793752398324
399.6666666666667, 10.02262301213722
400.0, 10.091349511080264
400.3333333333333, 10.03227354869635
400.6666666666667, 9.939763465635838
401.0, 9.767238313077614
401.3333333333333, 9.69532394224757
401.6666666666667, 9.633059044950462
402.0, 9.528420751758317
402.3333333333333, 9.130118046378318
402.6666666666667, 8.596125872925764
403.0, 8.218209617292782
403.3333333333333, 8.344396308690332
403.6666666666667, 8.587309005846759
404.0, 8.686068504151326
404.3333333333333, 8.720947586609944
404.6666666666667, 8.790915370827998
405.0, 8.800205501099658
405.3333333333333, 9.076903620714484
405.6666666666667, 9.111927668317005
406.0, 9.102506094074279
406.3333333333333, 9.116111633327447
406.6666666666667, 9.05830468733161
407.0, 9.040588989826675
407.3333333333333, 9.35565724837373
407.6666666666667, 9.31796451685969
408.0, 9.358380778161507
408.3333333333333, 9.650226604517695
408.6666666666667, 9.879649825282083
409.0, 9.94805971109873
409.3333333333333, 10.081840051273675
409.6666666666667, 10.18873905684738
410.0, 10.187766006905502
410.3333333333333, 10.060726974037454
410.6666666666667, 9.963224360579279
411.0, 10.046748785717933
411.3333333333333, 10.343239449741002
411.6666666666667, 10.411319631785176
412.0, 10.344889932312835
412.3333333333333, 10.696820393544648
412.6666666666667, 10.67337571874214
413.0, 10.579914990405381
413.3333333333333, 10.675497417539443
413.6666666666667, 10.556472183031087
414.0, 10.243070058178088
414.3333333333333, 10.395265174309706
414.6666666666667, 10.560635949836657
415.0, 10.55469000071779
415.3333333333333, 10.517203958340886
415.6666666666667, 10.610000903058076
416.0, 10.844638748831878
416.3333333333333, 10.973969229587784
416.6666666666667, 11.0161468025606
417.0, 11.240161961926326
417.3333333333333, 11.410003561737712
417.6666666666667, 11.48878512359471
418.0, 11.52589299987923
418.3333333333333, 11.896533977552382
418.6666666666667, 11.813498305322383
419.0, 11.598564641533585
419.3333333333333, 11.792077071723908
419.6666666666667, 11.839095930179269
420.0, 12.059776164404017
420.3333333333333, 12.253234222978772
420.6666666666667, 12.459903774062344
421.0, 12.537942302789553
421.3333333333333, 12.424937446258038
421.6666666666667, 12.293345980315637
422.0, 12.092580731569921
422.3333333333333, 11.959432486007435
422.6666666666667, 11.882574312253775
423.0, 11.857877742552844
423.3333333333333, 11.850990752138769
423.6666666666667, 11.595846805298978
424.0, 11.345665403370667
424.3333333333333, 11.107246781706491
424.6666666666667, 10.822538645192163
425.0, 10.20840834592725
425.3333333333333, 10.026635198807544
425.6666666666667, 9.767240854422045
426.0, 9.527820249879367
426.3333333333333, 9.417072773168744
426.6666666666667, 9.162439728149023
427.0, 8.920558589740894
427.3333333333333, 8.675617349146131
427.6666666666667, 8.416285759309382
428.0, 8.52783140664613
428.3333333333333, 8.375885637117452
428.6666666666667, 8.26874435055386
429.0, 8.445523720113561
429.3333333333333, 8.35284089842287
429.6666666666667, 8.229650793373528
430.0, 8.19128485849097
430.3333333333333, 8.169826126802771
430.6666666666667, 8.142795404622373
431.0, 8.12334215749398
431.3333333333333, 8.081166476493697
431.6666666666667, 8.162928669271007
432.0, 8.163561799152966
432.3333333333333, 8.204064415467695
432.6666666666667, 8.143123440312648
433.0, 8.128720685592146
433.3333333333333, 8.140382178739538
433.6666666666667, 8.210422021624277
434.0, 8.1660273418882
434.3333333333333, 8.371883736514434
434.6666666666667, 8.1422224318683
435.0, 8.189357217096873
435.3333333333333, 8.381720493974665
435.6666666666667, 8.12401730635729
436.0, 8.112786022717504
436.3333333333333, 8.087275027925955
436.6666666666667, 8.070889624179086
437.0, 8.02974137364463
437.3333333333333, 8.26342263185949
437.6666666666667, 8.205514368249185
438.0, 8.263727416932088
438.3333333333333, 8.300272088537817
438.6666666666667, 8.418902954166201
439.0, 8.63175443250249
439.3333333333333, 8.934444011370285
439.6666666666667, 8.891035087128405
440.0, 8.80643949691735
440.3333333333333, 9.013942393596526
440.6666666666667, 9.003062413251175
441.0, 9.036392931408969
441.3333333333333, 9.040349773434968
441.6666666666667, 8.942816509397197
442.0, 8.80723312807319
442.3333333333333, 9.12233237295664
442.6666666666667, 8.950322415168928
443.0, 9.015188600018773
443.3333333333333, 9.19823832928625
443.6666666666667, 9.460623711285816
444.0, 9.3387832980024
444.3333333333333, 9.45082224463319
444.6666666666667, 9.234379062149205
445.0, 9.103313791856293
445.3333333333333, 9.088028451391539
445.6666666666667, 8.832758393366033
446.0, 8.73164579406635
446.3333333333333, 8.92806418309307
446.6666666666667, 8.849114392163132
447.0, 8.663489623218657
447.3333333333333, 8.625175774959793
447.6666666666667, 8.313523961035138
448.0, 8.258409162539103
448.3333333333333, 8.297645820063373
448.6666666666667, 8.1829595203343
449.0, 7.899919719176867
449.3333333333333, 7.872109773722718
449.6666666666667, 7.694184870039058
450.0, 7.396540709155394
450.3333333333333, 7.091876263677664
450.6666666666667, 6.9021315322843435
451.0, 6.9574901322672265
451.3333333333333, 6.9756055157251255
451.6666666666667, 6.986217679894912
452.0, 6.946092091263695
452.3333333333333, 6.994242399433726
452.6666666666667, 7.072358346345814
453.0, 6.954277312666908
453.3333333333333, 7.375377078325241
453.6666666666667, 7.429864642465998
454.0, 7.634737467827049
454.3333333333333, 8.094053700125244
454.6666666666667, 8.410605842231448
455.0, 8.809189025202503
455.3333333333333, 9.087768264906584
455.6666666666667, 9.224986675420379
456.0, 9.674297096918071
456.3333333333333, 10.217508040326468
456.6666666666667, 10.444959207081748
457.0, 10.568048034005141
457.3333333333333, 10.692541596352584
457.6666666666667, 10.474781377935432
458.0, 10.703950959834808
458.3333333333333, 10.682551209666546
458.6666666666667, 10.5646084529134
459.0, 10.623607752697348
459.3333333333333, 10.598167917128121
459.6666666666667, 10.638552261738127
460.0, 10.468903004994797
460.3333333333333, 10.574763616575103
460.6666666666667, 10.600885009888817
461.0, 10.412983116661348
461.3333333333333, 10.266818354852647
461.6666666666667, 9.979892364132915
462.0, 10.025719201663563
462.3333333333333, 10.117880780820007
462.6666666666667, 9.903564024849086
463.0, 9.629459829323284
463.3333333333333, 9.760382471132019
463.6666666666667, 9.867676064082119
464.0, 9.95797352656237
464.3333333333333, 10.303824802526012
464.6666666666667, 10.143732918975623
465.0, 10.28898422051778
465.3333333333333, 10.568142380525352
465.6666666666667, 10.45804838170003
466.0, 10.439850045890143
466.3333333333333, 10.669227060880061
466.6666666666667, 10.80727862235327
467.0, 10.621674084411021
467.3333333333333, 10.441510593848353
467.6666666666667, 10.209828849429533
468.0, 10.173474230345146
468.3333333333333, 10.15587618383883
468.6666666666667, 9.955665911818059
469.0, 9.70940423737483
469.3333333333333, 9.63843126778895
469.6666666666667, 9.430066719673238
470.0, 9.379008844093116
470.3333333333333, 9.3850270832471
470.6666666666667, 9.270947854689823
471.0, 9.000683448103954
471.3333333333333, 8.951664749465149
471.6666666666667, 8.820215286365091
472.0, 8.580894586444046
472.3333333333333, 8.582407277066542
472.6666666666667, 8.3077690434535
473.0, 8.028297687592284
473.3333333333333, 7.840730028595454
473.6666666666667, 8.002285246835969
474.0, 8.217965638924689
474.3333333333333, 8.834183306150116
474.6666666666667, 8.99687272081105
475.0, 9.231300861982328
475.3333333333333, 9.345492922961338
475.6666666666667, 9.380460486303011
476.0, 9.389391713216451
476.3333333333333, 9.611257129190202
476.6666666666667, 9.481892715223694
477.0, 9.447683692709791
477.3333333333333, 9.770661291463906
477.6666666666667, 9.940702190253647
478.0, 10.112676335914681
478.3333333333333, 10.424080692192641
478.6666666666667, 10.636575935288608
479.0, 10.835277371172129
479.3333333333333, 11.101610230509738
479.6666666666667, 11.264949754785238
480.0, 11.465106058414642
480.3333333333333, 11.433522995145134
480.6666666666667, 11.363291580735353
481.0, 11.052614935333134
481.3333333333333, 11.01113082023063
481.6666666666667, 10.957771048235937
482.0, 10.839699549153114
482.3333333333333, 10.844128011904072
482.6666666666667, 10.70975724531858
483.0, 10.857716537797753
483.3333333333333, 10.873912264368878
483.6666666666667, 10.803133081481002
484.0, 10.497906072175333
484.3333333333333, 10.422730933214758
484.6666666666667, 10.23764938312161
485.0, 9.947839969574401
485.3333333333333, 9.798108636105939
485.6666666666667, 9.463161266718437
486.0, 9.368837123381521
486.3333333333333, 9.148170502886478
486.6666666666667, 8.725954434912222
487.0, 8.54009505512165
487.3333333333333, 8.263922125316387
487.6666666666667, 7.916104307648213
488.0, 7.684870271570032
488.3333333333333, 7.513285627250459
488.6666666666667, 7.441748087855989
489.0, 7.41973569990669
489.3333333333333, 7.578871340951724
489.6666666666667, 7.174480098265205
490.0, 7.101544650690545
490.3333333333333, 7.134186359714964
490.6666666666667, 7.048231192157326
491.0, 7.0598991517200975
491.3333333333333, 7.169836227317264
491.6666666666667, 7.319996133223993
492.0, 7.348007446214204
492.3333333333333, 7.7153209977200135
492.6666666666667, 7.9247417901548305
493.0, 8.30750782612789
493.3333333333333, 8.54951353717821
493.6666666666667, 8.552578711044038
494.0, 8.649534917426305
494.3333333333333, 8.721747904994555
494.6666666666667, 8.776334746459497
495.0, 8.697031665112863
495.3333333333333, 8.852433644267276
495.6666666666667, 8.947261479922915
496.0, 9.082127734210394
496.3333333333333, 9.316477394966032
496.6666666666667, 9.394173570828606
497.0, 9.31113037921833
497.3333333333333, 9.463716633623125
497.6666666666667, 9.350540847295393
498.0, 9.377730171658541
498.3333333333333, 9.366274279063381
498.6666666666667, 9.457273135895012
499.0, 9.457552344285633
499.3333333333333, 9.594423649163158
499.6666666666667, 9.385742345094101
500.0, 9.357756381177385
500.3333333333333, 9.452462051308204
500.6666666666667, 9.652664873445637
501.0, 9.672569442702855
501.3333333333333, 9.829665699781899
501.6666666666667, 9.893262206911533
502.0, 9.82938955773581
502.3333333333333, 9.99215257634082
502.6666666666667, 9.852136805389039
503.0, 9.862915933321585
503.3333333333333, 10.027842560158948
503.6666666666667, 10.08409882431382
504.0, 10.02848073044535
504.3333333333333, 10.101527678862855
504.6666666666667, 9.930429211946558
505.0, 9.820360746163635
505.3333333333333, 9.774840263368251
505.6666666666667, 9.637777833057001
506.0, 9.277635373295583
506.3333333333333, 9.31691448668096
506.6666666666667, 9.235845920132956
507.0, 9.166906628053518
507.3333333333333, 9.02544285025807
507.6666666666667, 9.255545040084304
508.0, 9.132665564360217
508.3333333333333, 9.250441856569989
508.6666666666667, 9.427660099450716
509.0, 9.395395821617067
509.3333333333333, 9.466398672569802
509.6666666666667, 9.278255680293697
510.0, 9.165186124971434
510.3333333333333, 9.381269656926062
510.6666666666667, 9.507112313766351
511.0, 9.580561216929135
511.3333333333333, 9.877305634178995
511.6666666666667, 9.874138658175372
512.0, 9.808851050048887
512.3333333333334, 9.821504791891918
512.6666666666666, 9.778736097230649
513.0, 9.799955902019889
513.3333333333334, 9.966648107977203
513.6666666666666, 10.1428710658306
514.0, 10.13891684717983
514.3333333333334, 10.097021524576983
514.6666666666666, 10.193582184517043
515.0, 10.098077374513
515.3333333333334, 10.10612968697352
515.6666666666666, 9.986398312787497
516.0, 9.963185800774795
516.3333333333334, 10.02731464810723
516.6666666666666, 10.136699263667662
517.0, 9.863777645732439
517.3333333333334, 9.754277666572413
517.6666666666666, 9.712922592888557
518.0, 9.568132852511813
518.3333333333334, 9.754126692386201
518.6666666666666, 10.160900396453814
519.0, 10.276269907901398
519.3333333333334, 10.666188893836585
519.6666666666666, 10.54258263955418
520.0, 10.419501491314527
520.3333333333334, 10.275535534739404
520.6666666666666, 10.324723269065469
521.0, 10.229802790209312
521.3333333333334, 10.272146231968014
521.6666666666666, 10.098642751520442
522.0, 9.84244525521289
522.3333333333334, 9.684554788425077
522.6666666666666, 9.474936528885797
523.0, 9.458619771880768
523.3333333333334, 9.152686014931307
523.6666666666666, 9.072631063691698
524.0, 9.045484348637906
524.3333333333334, 9.028249396462243
524.6666666666666, 8.925851981564126
525.0, 8.742729897182599
525.3333333333334, 8.255114767527711
525.6666666666666, 8.001398335009506
526.0, 7.670722435885024
526.3333333333334, 7.705551748031143
526.6666666666666, 7.654962379705613
527.0, 7.7011810045317715
527.3333333333334, 7.632194234705736
527.6666666666666, 7.488224535497073
528.0, 7.354105754613315
528.3333333333334, 7.346332789348762
528.6666666666666, 7.354005227755439
529.0, 7.427709108938709
529.3333333333334, 7.499260304669176
529.6666666666666, 7.371532223663981
530.0, 7.413716039679211
530.3333333333334, 7.399165945390865
530.6666666666666, 7.387119455959632
531.0, 7.380643005897056
531.3333333333334, 7.484504476721762
531.6666666666666, 7.475182269260728
532.0, 7.643759508985815
532.3333333333334, 7.8054539044741915
532.6666666666666, 7.799579503746332
533.0, 7.794811882439186
533.3333333333334, 7.895171767454679
533.6666666666666, 8.020748813829854
534.0, 8.236076362833197
534.3333333333334, 8.636674749737665
534.6666666666666, 8.78634462269126
535.0, 8.983980139633273
535.3333333333334, 9.062037621081055
535.6666666666666, 9.210763876929692
536.0, 9.554823120369486
536.3333333333334, 9.668333754225966
536.6666666666666, 9.671194797611852
537.0, 9.89534819288543
537.3333333333334, 10.15532445779657
537.6666666666666, 10.489003016336834
538.0, 10.786829265806874
538.3333333333334, 10.906507677208365
538.6666666666666, 10.773758848965821
539.0, 10.72728413778513
539.3333333333334, 10.669382588354953
539.6666666666666, 10.538006240768684
540.0, 10.473762612298472
540.3333333333334, 10.234483911411406
540.6666666666666, 9.953795060487982
541.0, 9.667677464459212
541.3333333333334, 9.64572069361687
541.6666666666666, 9.699932040058144
542.0, 9.788092234343635
542.3333333333334, 9.810130122879979
542.6666666666666, 9.642790896196434
543.0, 9.716996125900724
543.3333333333334, 9.69280452378896
543.6666666666666, 9.61792015139169
544.0, 9.265312879657909
544.3333333333334, 9.014015555269356
544.6666666666666, 8.795218916264533
545.0, 8.8543608796247
545.3333333333334, 8.931341750502094
545.6666666666666, 8.861731675226032
546.0, 9.028526437067281
546.3333333333334, 9.292940177306292
546.6666666666666, 9.459347276322964
547.0, 9.743210242170143
547.3333333333334, 10.132051711388874
547.6666666666666, 10.182184134792447
548.0, 10.484841789325246
548.3333333333334, 10.566016721349582
548.6666666666666, 10.70428336654328
549.0, 10.59089364905216
549.3333333333334, 10.524259247637756
549.6666666666666, 10.358596868989506
550.0, 10.377427167943933
550.3333333333334, 10.56302129117936
550.6666666666666, 10.690890233590276
551.0, 10.569097573035648
551.3333333333334, 10.399069311861801
551.6666666666666, 10.322772734949343
552.0, 10.309884875983787
552.3333333333334, 10.338651038309106
552.6666666666666, 10.129575954994438
553.0, 9.858576929565354
553.3333333333334, 9.71959239405033
553.6666666666666, 9.537886409373883
554.0, 9.359327613313244
554.3333333333334, 9.418583148931823
554.6666666666666, 8.95232460925457
555.0, 8.884863836384211
555.3333333333334, 8.63113823210123
555.6666666666666, 8.668459152739185
556.0, 8.773474456855787
556.3333333333334, 9.01051948962648
556.6666666666666, 9.045913654453697
557.0, 8.919654924911258
557.3333333333334, 8.972998165091692
557.6666666666666, 9.043039475375362
558.0, 9.314102804344769
558.3333333333334, 9.416813596514297
558.6666666666666, 9.559918891500985
559.0, 9.662417189747257
559.3333333333334, 9.84344339999506
559.6666666666666, 10.098375108068188
560.0, 10.10420398646665
560.3333333333334, 10.218784156656564
560.6666666666666, 10.391018733003245
561.0, 10.275027809970435
561.3333333333334, 10.360353999289277
561.6666666666666, 10.330485390734383
562.0, 10.447802720864948
562.3333333333334, 10.44148011966174
562.6666666666666, 10.262748791283226
563.0, 10.175252891564172
563.3333333333334, 10.357654179312332
563.6666666666666, 10.180398147355293
564.0, 10.15549712913062
564.3333333333334, 10.172326106330997
564.6666666666666, 9.961312213922058
565.0, 9.746200890977665
565.3333333333334, 9.54587663386695
565.6666666666666, 9.671592206754553
566.0, 9.640799147775947
566.3333333333334, 9.83680501699973
566.6666666666666, 9.874939031833208
567.0, 9.803827016109707
567.3333333333334, 9.5776113716941
567.6666666666666, 9.64391404924282
568.0, 9.762818651226706
568.3333333333334, 9.886287089680774
568.6666666666666, 9.92993297885076
569.0, 9.887455103636016
569.3333333333334, 10.092992127245306
569.6666666666666, 10.028139588928678
570.0, 9.824348443783292
570.3333333333334, 10.010960061279285
570.6666666666666, 10.029926696160297
571.0, 10.029774075604639
571.3333333333334, 10.129467081464732
571.6666666666666, 10.190993771842283
572.0, 10.25579728903115
572.3333333333334, 10.101987845852234
572.6666666666666, 10.019563004734215
573.0, 9.690631802088443
573.3333333333334, 9.686304769643808
573.6666666666666, 9.894960942741005
574.0, 10.019065002609477
574.3333333333334, 10.001686703261129
574.6666666666666, 9.869666278706141
575.0, 9.723437002679763
575.3333333333334, 9.612680284385048
575.6666666666666, 9.475336870753635
576.0, 9.30007180425229
576.3333333333334, 9.372659948308671
576.6666666666666, 9.329201203681746
577.0, 9.398138514118894
577.3333333333334, 9.666670929034842
577.6666666666666, 9.833671232051618
578.0, 9.87768561475168
578.3333333333334, 10.033481621501926
578.6666666666666, 10.041973936644117
579.0, 9.98059652459234
579.3333333333334, 9.950870825066623
579.6666666666666, 9.847101674949151
580.0, 9.787038065816366
580.3333333333334, 9.62027031126056
580.6666666666666, 9.367048091501804
581.0, 9.466427302884629
581.3333333333334, 9.583391889498696
581.6666666666666, 9.51326479258397
582.0, 9.549739224532
582.3333333333334, 9.598275317917992
582.6666666666666, 9.575394690530473
583.0, 9.526506592591502
583.3333333333334, 9.610523766698538
583.6666666666666, 9.570065322622437
584.0, 9.263901164402016
584.3333333333334, 9.113312218411396
584.6666666666666, 8.970457173690086
585.0, 8.836563944102512
585.3333333333334, 8.88286832045078
585.6666666666666, 8.964696785644914
586.0, 9.166204457411306
586.3333333333334, 9.294397250244995
586.6666666666666, 9.315793169900976
587.0, 9.220891750630594
587.3333333333334, 9.365356901467164
587.6666666666666, 9.226147218033136
588.0, 9.190082643511522
588.3333333333334, 9.153429612543782
588.6666666666666, 9.039077269232394
589.0, 9.12127370276625
589.3333333333334, 9.122336782877344
589.6666666666666, 9.156393100566644
590.0, 9.144220691631748
590.3333333333334, 9.058995887266981
590.6666666666666, 9.164531971097308
591.0, 9.207522087487764
591.3333333333334, 9.301704284562192
591.6666666666666, 9.340115039240088
592.0, 9.229336555518284
592.3333333333334, 9.356615864562666
592.6666666666666, 9.348535480893243
593.0, 9.418250859238317
593.3333333333334, 9.371498533538233
593.6666666666666, 9.41817619316384
594.0, 9.664307358408625
594.3333333333334, 9.933708460833289
594.6666666666666, 9.960509304182136
595.0, 10.04268177561133
595.3333333333334, 10.137275974923568
595.6666666666666, 10.175270496532177
596.0, 10.330910545370253
596.3333333333334, 10.312502301563878
596.6666666666666, 10.26045702606957
597.0, 10.307498162584297
597.3333333333334, 10.315727451709941
597.6666666666666, 10.240254684980357
598.0, 10.259944959021635
598.3333333333334, 10.367285215600122
598.6666666666666, 10.40597049698711
599.0, 10.214982570660231
599.3333333333334, 10.262558264061145
599.6666666666666, 10.158093771283596
600.0, 10.270897297736017
600.3333333333334, 10.27716770034589
600.6666666666666, 9.917122833083509
601.0, 9.803243171637146
601.3333333333334, 10.094481263888282
601.6666666666666, 10.18610102634364
602.0, 10.275260317973885
602.3333333333334, 10.3357648707495
602.6666666666666, 10.302089411607772
603.0, 10.375265603705618
603.3333333333334, 10.455805067637002
603.6666666666666, 10.312769101626328
604.0, 10.130489932474829
604.3333333333334, 10.135715647584721
604.6666666666666, 9.982297146278572
605.0, 10.002779009038166
605.3333333333334, 10.283961941996797
605.6666666666666, 10.302130989347768
606.0, 10.177914126023742
606.3333333333334, 10.034808186809808
606.6666666666666, 9.766634668962089
607.0, 9.593831600121826
607.3333333333334, 9.603503076415581
607.6666666666666, 9.36421017117625
608.0, 8.86444140515087
608.3333333333334, 8.64442535671788
608.6666666666666, 8.316420229782988
609.0, 7.989477845611612
609.3333333333334, 7.790218861289482
609.6666666666666, 7.670433022077366
610.0, 7.630490220122004
610.3333333333334, 7.633802760725091
610.6666666666666, 7.628120220843587
611.0, 7.440367155249248
611.3333333333334, 7.390658181665634
611.6666666666666, 6.977918161304322
612.0, 6.611107474071605
612.3333333333334, 6.368805994594789
612.6666666666666, 6.100708965813839
613.0, 6.102708154192306
613.3333333333334, 6.26161603580543
613.6666666666666, 6.293319980412366
614.0, 6.328782844935776
614.3333333333334, 6.382796612586555
614.6666666666666, 6.474305033425746
615.0, 6.540176308291256
615.3333333333334, 6.823860124613342
615.6666666666666, 6.9708809641106315
616.0, 7.201734835654774
616.3333333333334, 7.389332425773562
616.6666666666666, 7.446654623410884
617.0, 7.392602767032834
617.3333333333334, 7.342176692620636
617.6666666666666, 7.380858056697109
618.0, 7.399181297455042
618.3333333333334, 7.577500411927893
618.6666666666666, 7.5137556251316955
619.0, 7.852057987296915
619.3333333333334, 8.094090291287518
619.6666666666666, 8.230593554287784
620.0, 8.203092647127908
620.3333333333334, 8.307730111057584
620.6666666666666, 8.310951281160879
621.0, 8.41446355055847
621.3333333333334, 8.678578150064979
621.6666666666666, 8.772513507511537
622.0, 8.634530027744923
622.3333333333334, 8.685714218852159
622.6666666666666, 8.5591307794301
623.0, 8.454151047040956
623.3333333333334, 8.383215720703987
623.6666666666666, 8.443216030737464
624.0, 8.514840482085503
624.3333333333334, 8.570762170619057
624.6666666666666, 8.58937714794206
625.0, 8.608524108754567
625.3333333333334, 8.946292200268294
625.6666666666666, 8.982834874141835
626.0, 9.079745111674757
626.3333333333334, 9.10121279957649
626.6666666666666, 9.115784812241627
627.0, 8.991968270506055
627.3333333333334, 9.061227958977522
627.6666666666666, 8.905805352357236
628.0, 8.618926271516457
628.3333333333334, 8.639709888242265
628.6666666666666, 8.644110882320136
629.0, 8.750116252933209
629.3333333333334, 8.73881454886823
629.6666666666666, 8.696616683448042
630.0, 8.6195508084288
630.3333333333334, 8.48268153262382
630.6666666666666, 8.316310527104973
631.0, 8.370274075384321
631.3333333333334, 8.394447217706656
631.6666666666666, 8.241133841411214
632.0, 7.929082867475389
632.3333333333334, 7.679661208174369
632.6666666666666, 7.514853632200269
633.0, 7.513054877886125
633.3333333333334, 7.713395720174262
633.6666666666666, 7.788749772518953
634.0, 7.673668687009139
634.3333333333334, 7.651152135981175
634.6666666666666, 7.423913873327869
635.0, 7.211797995147459
635.3333333333334, 7.166435648823631
635.6666666666666, 6.941956354149694
636.0, 6.920021965110303
636.3333333333334, 6.791516855670311
636.6666666666666, 6.7577090806865225
637.0, 6.750610646384594
637.3333333333334, 6.91075848422043
637.6666666666666, 6.856166322247853
638.0, 6.9006915459377804
638.3333333333334, 6.999267833024841
638.6666666666666, 6.9332761410653685
639.0, 6.92868818853386
639.3333333333334, 6.93570762031989
639.6666666666666, 6.809426093105654
640.0, 6.568076038301264
640.3333333333334, 6.5350298906928375
640.6666666666666, 6.4414506157245075
641.0, 6.471646634802809
641.3333333333334, 6.722212454833901
641.6666666666666, 6.75741486888698
642.0, 6.8152227730721835
642.3333333333334, 6.908150727950867
642.6666666666666, 6.776752480532383
643.0, 6.823388659767846
643.3333333333334, 6.942316048314917
643.6666666666666, 7.1711269763378755
644.0, 7.297892599830988
644.3333333333334, 7.382507433545662
644.6666666666666, 7.3669639415075565
645.0, 7.42202546046138
645.3333333333334, 7.582310405826613
645.6666666666666, 7.610520309315973
646.0, 7.549738675256693
646.3333333333334, 7.5893105919284976
646.6666666666666, 7.536228856823948
647.0, 7.65284781102612
647.3333333333334, 7.976188169363029
647.6666666666666, 7.927512208977343
648.0, 7.893295599924604
648.3333333333334, 8.143597888287246
648.6666666666666, 8.073629343372867
649.0, 8.01780310816781
649.3333333333334, 8.208740420049073
649.6666666666666, 8.302628829233194
650.0, 8.253182298375629
650.3333333333334, 8.073306492645722
650.6666666666666, 7.931885886248463
651.0, 7.91570191691587
651.3333333333334, 7.838088514108554
651.6666666666666, 7.7962435180219956
652.0, 7.931107205679126
652.3333333333334, 8.027845320223454
652.6666666666666, 8.036016117319699
653.0, 8.084248568625338
653.3333333333334, 8.167646288409182
653.6666666666666, 8.13491705371021
654.0, 8.120044546910202
654.3333333333334, 8.323613230778061
654.6666666666666, 8.3985554637463
655.0, 8.226294945471938
655.3333333333334, 8.411142210047048
655.6666666666666, 8.538203591379974
656.0, 8.54596835781048
656.3333333333334, 8.582689345425251
656.6666666666666, 8.723079674076581
657.0, 8.718340220232674
657.3333333333334, 8.840718736590741
657.6666666666666, 8.792509729362301
658.0, 9.108917858112125
658.3333333333334, 9.241503307363995
658.6666666666666, 9.150281559279945
659.0, 9.21861541641108
659.3333333333334, 9.377113907339972
659.6666666666666, 9.404674116782571
660.0, 9.553316329669078
660.3333333333334, 9.571904436453568
660.6666666666666, 9.388293479309578
661.0, 9.311670772351926
661.3333333333334, 9.244901773091836
661.6666666666666, 9.207476023664306
662.0, 9.169481367170794
662.3333333333334, 9.122124845184715
662.6666666666666, 9.04657981608635
663.0, 9.13199153753051
663.3333333333334, 9.178936034087787
663.6666666666666, 9.33719609970094
664.0, 9.422284180279233
664.3333333333334, 9.528263140008145
664.6666666666666, 9.315383054826198
665.0, 9.423277028205916
665.3333333333334, 9.534470015919766
665.6666666666666, 9.424614120019063
666.0, 9.357991964937662
666.3333333333334, 9.27305416893563
666.6666666666666, 9.045263705797977
667.0, 9.002871434298758
667.3333333333334, 9.007458532451171
667.6666666666666, 8.980639224221694
668.0, 9.01039341691634
668.3333333333334, 8.970428454433788
668.6666666666666, 8.804136901358834
669.0, 8.752500117122548
669.3333333333334, 8.73907565300409
669.6666666666666, 8.502261081543951
670.0, 8.239010555591886
670.3333333333334, 8.149773647411056
670.6666666666666, 7.891697225288878
671.0, 7.779547116295964
671.3333333333334, 7.79757512566231
671.6666666666666, 7.682381746181636
672.0, 7.492011802985242
672.3333333333334, 7.351220910071963
672.6666666666666, 7.309055952626134
673.0, 7.261438396865723
673.3333333333334, 7.307202557649373
673.6666666666666, 7.225757210495895
674.0, 7.219991844110231
674.3333333333334, 7.134511155978066
674.6666666666666, 6.958922768617694
675.0, 7.0255907351040054
675.3333333333334, 7.065680723203547
675.6666666666666, 7.02152828618882
676.0, 6.981622088009429
676.3333333333334, 6.9746393613639075
676.6666666666666, 6.951923200383277
677.0, 6.964098698318691
677.3333333333334, 6.973041187481648
677.6666666666666, 6.8691112039187825
678.0, 6.67552997498598
678.3333333333334, 6.563956551259794
678.6666666666666, 6.426642290673395
679.0, 6.588099289634306
679.3333333333334, 6.5772569517786845
679.6666666666666, 6.60116617677776
680.0, 6.570633618208464
680.3333333333334, 6.570469280627928
680.6666666666666, 6.482177976668234
681.0, 6.602765800947007
681.3333333333334, 6.788480360512869
681.6666666666666, 6.69421919541667
682.0, 6.931898246816308
682.3333333333334, 6.886031586531649
682.6666666666666, 6.963214561244577
683.0, 7.110139347445186
683.3333333333334, 7.144135847062141
683.6666666666666, 7.106444359890365
684.0, 7.213154430588558
684.3333333333334, 7.300287429996269
684.6666666666666, 7.300347193829995
685.0, 7.356296776098867
685.3333333333334, 7.692610567780969
685.6666666666666, 7.721854258656714
686.0, 7.864627824854256
686.3333333333334, 7.874386628551854
686.6666666666666, 7.854011141439726
687.0, 7.866614161016192
687.3333333333334, 7.901899800027249
687.6666666666666, 7.828821925328685
688.0, 7.739796254061733
688.3333333333334, 7.739135743414652
688.6666666666666, 7.577698773970427
689.0, 7.598038876520702
689.3333333333334, 7.526083334425524
689.6666666666666, 7.286183881929299
690.0, 7.286438771339789
690.3333333333334, 7.2482904497704626
690.6666666666666, 7.132702230358952
691.0, 7.119095050891455
691.3333333333334, 7.278903858024283
691.6666666666666, 7.151856511419526
692.0, 6.914401988134669
692.3333333333334, 6.741244993868231
692.6666666666666, 6.668367171208165
693.0, 6.69670834524284
693.3333333333334, 6.770963247041261
693.6666666666666, 6.6891141263551885
694.0, 6.720303472472719
694.3333333333334, 6.671273262228459
694.6666666666666, 6.6490286349629475
695.0, 6.754760040264685
695.3333333333334, 6.830276431085494
695.6666666666666, 6.87619444856268
696.0, 6.865978815724981
696.3333333333334, 7.045912589005998
696.6666666666666, 7.002684474304727
697.0, 7.044655948782571
697.3333333333334, 7.1490869315728105
697.6666666666666, 7.1369937945284025
698.0, 7.055388518644998
698.3333333333334, 7.036887223501137
698.6666666666666, 7.008332916432915
699.0, 7.120944682156687
699.3333333333334, 7.107048783329769
699.6666666666666, 6.943906318492682
700.0, 6.928454075676657
700.3333333333334, 6.857970015343119
700.6666666666666, 6.663782487116381
701.0, 6.603711632147622
701.3333333333334, 6.647823164175246
701.6666666666666, 6.4635123987878895
702.0, 6.482954864236683
702.3333333333334, 6.696461444904374
702.6666666666666, 6.694147723348584
703.0, 6.595316966380262
703.3333333333334, 6.826951164845769
703.6666666666666, 6.853987960101913
704.0, 6.694191011863194
704.3333333333334, 6.572036406430446
704.6666666666666, 6.487712535763862
705.0, 6.598052661597533
705.3333333333334, 6.831285795083495
705.6666666666666, 6.863097909355292
706.0, 7.0546744499552645
706.3333333333334, 7.336883138862649
706.6666666666666, 7.410501897694954
707.0, 7.7092686600525555
707.3333333333334, 8.010025470612584
707.6666666666666, 8.217332671048679
708.0, 8.336096168285733
708.3333333333334, 8.75902539954441
708.6666666666666, 8.618857525295391
709.0, 8.707574570725715
709.3333333333334, 9.01293976985419
709.6666666666666, 9.353098334103171
710.0, 9.452435219911392
710.3333333333334, 9.676149429013464
710.6666666666666, 9.816352848940502
711.0, 10.030726506695014
711.3333333333334, 10.31844097020428
711.6666666666666, 10.587277526938948
712.0, 10.704448376040753
712.3333333333334, 10.881725262777277
712.6666666666666, 10.796949281404384
713.0, 10.972209792186089
713.3333333333334, 11.214751252017498
713.6666666666666, 11.399493067653138
714.0, 11.569117793889202
714.3333333333334, 11.759608211761345
714.6666666666666, 11.689253860169682
715.0, 11.584174212205223
715.3333333333334, 11.745315718756178
715.6666666666666, 11.592363011727693
716.0, 11.490211070020028
716.3333333333334, 11.33835320819651
716.6666666666666, 11.103648990163444
717.0, 10.958756227146203
717.3333333333334, 11.05657352668328
717.6666666666666, 11.30388911260272
718.0, 11.246826701793232
718.3333333333334, 11.003661881035647
718.6666666666666, 10.773707135849806
719.0, 10.665286564175904
719.3333333333334, 10.792831255808625
719.6666666666666, 10.717002998492514
720.0, 10.738781460161585
720.3333333333334, 10.641745136238054
720.6666666666666, 10.631229895886566
721.0, 10.63280114825979
721.3333333333334, 10.688754276589174
721.6666666666666, 10.620965038501037
722.0, 10.649002252389344
722.3333333333334, 10.573838247354418
722.6666666666666, 10.53196670423596
723.0, 10.409882749340841
723.3333333333334, 10.605550344567066
723.6666666666666, 10.681468517643331
724.0, 10.873626096293787
724.3333333333334, 10.835459789958724
724.6666666666666, 10.788629894854678
725.0, 10.842581414129388
725.3333333333334, 10.985415378928439
725.6666666666666, 11.077728098821806
726.0, 11.036621323748383
726.3333333333334, 11.0854567834088
726.6666666666666, 10.799943947987753
727.0, 10.623848241587876
727.3333333333334, 10.514058560635954
727.6666666666666, 10.364233391228172
728.0, 10.416183120728617
728.3333333333334, 10.642464945185683
728.6666666666666, 10.638756104281033
729.0, 10.81348722766009
729.3333333333334, 10.906253367763574
729.6666666666666, 11.019978235874486
730.0, 10.931743748892114
730.3333333333334, 11.106833301558668
730.6666666666666, 10.976839475883699
731.0, 11.01006921279178
731.3333333333334, 11.012277151781337
731.6666666666666, 11.105374811642111
732.0, 11.248566985058856
732.3333333333334, 11.154355604093032
732.6666666666666, 10.976711755544843
733.0, 10.89990850149157
733.3333333333334, 11.045441627694382
733.6666666666666, 11.263208136682044
734.0, 11.203217368696226
734.3333333333334, 11.390522712825703
734.6666666666666, 11.415494128216821
735.0, 11.225344086915692
735.3333333333334, 11.345850105640867
735.6666666666666, 11.453599664360098
736.0, 11.505148771354378
736.3333333333334, 11.724513379341598
736.6666666666666, 11.761875882116378
737.0, 11.583933654067241
737.3333333333334, 11.703110086098812
737.6666666666666, 11.59677145316694
738.0, 12.285460489694668
738.3333333333334, 12.225440313002792
738.6666666666666, 11.974396453395965
739.0, 12.157777957200082
739.3333333333334, 12.314821164540074
739.6666666666666, 12.25263853809182
740.0, 12.237231001401444
740.3333333333334, 12.115976802540365
740.6666666666666, 12.135719592563428
741.0, 11.902991009256848
741.3333333333334, 11.881624023009177
741.6666666666666, 11.735739535631254
742.0, 11.525399897373362
742.3333333333334, 11.281221155291275
742.6666666666666, 11.098920394311296
743.0, 10.803941621855156
743.3333333333334, 10.835203287233078
743.6666666666666, 10.823888519247294
744.0, 10.69902019542673
744.3333333333334, 10.617324497312975
744.6666666666666, 9.989568336254852
745.0, 10.022012451009758
745.3333333333334, 10.055318726747007
745.6666666666666, 9.948833536531863
746.0, 9.976994360290828
746.3333333333334, 9.929093972359588
746.6666666666666, 9.7086632497316
747.0, 9.724412746787712
747.3333333333334, 9.667420535313763
747.6666666666666, 9.744176583797621
748.0, 9.654037048970126
748.3333333333334, 9.611895486616282
748.6666666666666, 9.472659227207602
749.0, 9.52225917247732
749.3333333333334, 9.649476911467948
749.6666666666666, 9.85212288539775
750.0, 9.91407676724629
750.3333333333334, 10.07607460067083
750.6666666666666, 9.826033933521972
751.0, 9.865681745357275
751.3333333333334, 9.871149302979003
751.6666666666666, 9.828057308709749
752.0, 9.865795391711602
752.3333333333334, 9.752238329612918
752.6666666666666, 9.670773401002425
753.0, 9.984858620610328
753.3333333333334, 10.044367540868373
753.6666666666666, 9.85314001669894
754.0, 9.924641531936004
754.3333333333334, 9.867561177102427
754.6666666666666, 9.803975020995232
755.0, 9.885165939115204
755.3333333333334, 9.994771705158545
755.6666666666666, 9.889905661905106
756.0, 9.811819927347086
756.3333333333334, 9.572871673388144
756.6666666666666, 9.21126252744947
757.0, 8.80219466164352
757.3333333333334, 8.861393667620796
757.6666666666666, 8.75906904119935
758.0, 8.732203727946452
758.3333333333334, 8.619015181598815
758.6666666666666, 8.429700562207904
759.0, 8.27254521092068
759.3333333333334, 8.111490368799332
759.6666666666666, 7.666828649735417
760.0, 7.831194239402279
760.3333333333334, 8.043309697318369
760.6666666666666, 7.996225507832017
761.0, 7.9621258841315905
761.3333333333334, 8.036030771233964
761.6666666666666, 8.22846740584916
762.0, 8.208704590823942
762.3333333333334, 8.216301167940541
762.6666666666666, 8.147150724684167
763.0, 8.286492531768701
763.3333333333334, 8.356023076101357
763.6666666666666, 8.4304176802063
764.0, 8.542989563300575
764.3333333333334, 8.476874522259028
764.6666666666666, 8.348751806595208
765.0, 8.378916210686128
765.3333333333334, 8.430090734083112
765.6666666666666, 8.54517955750235
766.0, 8.850750149066652
766.3333333333334, 8.867940709819509
766.6666666666666, 8.612346594303142
767.0, 8.460856903863691
767.3333333333334, 8.45003740047316
767.6666666666666, 8.456975778170536
768.0, 8.501474069075341
768.3333333333334, 8.263004926452174
768.6666666666666, 8.129520277601284
769.0, 8.096969220161956
769.3333333333334, 7.936681934217646
769.6666666666666, 7.686025784813528
770.0, 7.716137127114436
770.3333333333334, 7.775752305421129
770.6666666666666, 7.638318319905045
771.0, 7.646654516181636
771.3333333333334, 7.648468630331989
771.6666666666666, 7.561435203786777
772.0, 7.546696611398057
772.3333333333334, 7.625730829612408
772.6666666666666, 7.596101338247479
773.0, 7.731742568057983
773.3333333333334, 7.770084590711079
773.6666666666666, 7.794775283913127
774.0, 7.819555722388263
774.3333333333334, 7.800229289999528
774.6666666666666, 7.671739213808026
775.0, 7.729265896630315
775.3333333333334, 7.8192601737737775
775.6666666666666, 7.779051957721006
776.0, 7.960660988777155
776.3333333333334, 8.129842756540203
776.6666666666666, 8.000103879887668
777.0, 7.976579776533578
777.3333333333334, 8.18649740970742
777.6666666666666, 8.290579577320333
778.0, 8.462301045081954
778.3333333333334, 8.593691693634677
778.6666666666666, 8.4748150158314
779.0, 8.422860128379684
779.3333333333334, 8.249752984187321
779.6666666666666, 8.263082796256569
780.0, 8.544561356321244
780.3333333333334, 8.582238707342071
780.6666666666666, 8.43210906559587
781.0, 8.396943352425522
781.3333333333334, 8.498526233055319
781.6666666666666, 8.41030522532377
782.0, 8.39626557527978
782.3333333333334, 8.42890563547794
782.6666666666666, 8.290062282380426
783.0, 8.301895382892322
783.3333333333334, 8.4798024077984
783.6666666666666, 8.433152680694388
784.0, 8.260557544345513
784.3333333333334, 8.114170144856164
784.6666666666666, 7.837018236845199
785.0, 7.717451914696173
785.3333333333334, 7.782339305004376
785.6666666666666, 7.748567894283541
786.0, 7.651240428275557
786.3333333333334, 7.73428021194596
786.6666666666666, 7.3313179442394745
787.0, 7.12731267001318
787.3333333333334, 7.15039207770823
787.6666666666666, 7.066162496263227
788.0, 7.020136575208172
788.3333333333334, 7.21772436011284
788.6666666666666, 7.2261346682372265
789.0, 7.259377706022387
789.3333333333334, 7.490623860712551
789.6666666666666, 7.621115664956496
790.0, 7.579087966058171
790.3333333333334, 7.585057486311039
790.6666666666666, 7.452758665780197
791.0, 7.383771485543963
791.3333333333334, 7.405792936564564
791.6666666666666, 7.3168644822221065
792.0, 7.309451078849759
792.3333333333334, 7.260774789490119
792.6666666666666, 7.1695280045411
793.0, 6.991651746651131
793.3333333333334, 7.200037234333739
793.6666666666666, 7.32117727413341
794.0, 7.31602233826099
794.3333333333334, 7.340811540709152
794.6666666666666, 7.199616670654089
795.0, 6.948709454224378
795.3333333333334, 6.994454317068583
795.6666666666666, 6.857414519381528
796.0, 6.742891013785591
796.3333333333334, 6.585478583463211
796.6666666666666, 6.515604858192516
797.0, 6.537792004450159
797.3333333333334, 6.756464776809305
797.6666666666666, 6.806167956134604
798.0, 7.060949983439014
798.3333333333334, 7.417791595419139
798.6666666666666, 7.439916147501807
799.0, 7.51419605964571
799.3333333333334, 7.640301357044112
799.6666666666666, 7.6204567615580485
800.0, 7.6440900251252994
800.3333333333334, 7.774411484961116
800.6666666666666, 7.841503547859956
801.0, 7.927754227159291
801.3333333333334, 7.977167145157684
801.6666666666666, 8.009243289209723
802.0, 8.16519465347051
802.3333333333334, 8.348352475632307
802.6666666666666, 8.303078171225398
803.0, 8.501887501152032
803.3333333333334, 8.642568390190586
803.6666666666666, 8.695711087288881
804.0, 8.639414192797494
804.3333333333334, 8.74239497727608
804.6666666666666, 8.566689292067073
805.0, 8.419508100272651
805.3333333333334, 8.395318650451497
805.6666666666666, 8.348309981074012
806.0, 8.342895128586662
806.3333333333334, 8.337680891108418
806.6666666666666, 8.238677861702724
807.0, 8.215046781343716
807.3333333333334, 8.340959585713346
807.6666666666666, 8.544023558334121
808.0, 8.72071293255206
808.3333333333334, 8.830243864393584
808.6666666666666, 8.554327671360113
809.0, 8.439191419823052
809.3333333333334, 8.489638420381649
809.6666666666666, 8.172694189535836
810.0, 8.130618477868513
810.3333333333334, 8.179839690535339
810.6666666666666, 8.114454556024116
811.0, 8.023573828150054
811.3333333333334, 8.037406846070535
811.6666666666666, 8.061422514913714
812.0, 8.139682248311848
812.3333333333334, 8.16472295004542
812.6666666666666, 8.18863985629001
813.0, 8.19425468720624
813.3333333333334, 8.387797858630183
813.6666666666666, 8.229093462240018
814.0, 8.137856610199925
814.3333333333334, 8.101957935948148
814.6666666666666, 7.884976924175251
815.0, 7.876474713237682
815.3333333333334, 7.972911300241675
815.6666666666666, 8.056558443825937
816.0, 8.042068599321276
816.3333333333334, 8.091574010686847
816.6666666666666, 8.064088234512125
817.0, 8.188360484526997
817.3333333333334, 8.348757336181063
817.6666666666666, 8.442750802389554
818.0, 8.494005253235539
818.3333333333334, 8.552958149033056
818.6666666666666, 8.435741823863985
819.0, 8.622645034401096
819.3333333333334, 8.73471460262433
819.6666666666666, 8.696449140314778
820.0, 8.61719813920767
820.3333333333334, 8.72332644313055
820.6666666666666, 8.533202695478938
821.0, 8.363815951749515
821.3333333333334, 8.38576251158679
821.6666666666666, 8.414240636491161
822.0, 8.479696813449126
822.3333333333334, 8.497008835308808
822.6666666666666, 8.51682138411591
823.0, 8.624505047849008
823.3333333333334, 8.75089361212278
823.6666666666666, 8.688172543918766
824.0, 8.68659955998662
824.3333333333334, 8.644832540081596
824.6666666666666, 8.467930714074447
825.0, 8.25524470602182
825.3333333333334, 8.29667667242235
825.6666666666666, 8.058258049675864
826.0, 7.980071128484066
826.3333333333334, 7.944440100019712
826.6666666666666, 7.716701220049731
827.0, 7.546168872536056
827.3333333333334, 7.623294947272375
827.6666666666666, 7.4902516711464955
828.0, 7.410169362664095
828.3333333333334, 7.19038300798687
828.6666666666666, 6.931538791163902
829.0, 6.813626351598191
829.3333333333334, 6.6624753231822735
829.6666666666666, 6.5977734578344
830.0, 6.54861100812805
830.3333333333334, 6.324171875204264
830.6666666666666, 6.158196477306134
831.0, 6.302866181513329
831.3333333333334, 6.367215150189404
831.6666666666666, 6.357188139336912
832.0, 6.605466119686634
832.3333333333334, 6.671043789177628
832.6666666666666, 6.488784787222204
833.0, 6.43821681821848
833.3333333333334, 6.542659194757844
833.6666666666666, 6.650986104752991
834.0, 6.766927528820358
834.3333333333334, 6.833579636388139
834.6666666666666, 6.869358409543497
835.0, 7.042132486161411
835.3333333333334, 7.314730550629479
835.6666666666666, 7.1829564175846645
836.0, 7.213074673323016
836.3333333333334, 7.085316977229768
836.6666666666666, 6.851849853659497
837.0, 6.845734727054625
837.3333333333334, 6.913703099207734
837.6666666666666, 6.763361320548211
838.0, 6.85239248352498
838.3333333333334, 6.846414750921032
838.6666666666666, 6.614549791852315
839.0, 6.584303803754897
839.3333333333334, 6.764708778278738
839.6666666666666, 6.804087685890842
840.0, 6.914158293779847
840.3333333333334, 6.823946677802849
840.6666666666666, 6.561240355085879
841.0, 6.562278740642536
841.3333333333334, 6.643031029587581
841.6666666666666, 6.4762222763316775
842.0, 6.463873174502366
842.3333333333334, 6.781360573526641
842.6666666666666, 6.828056414069854
843.0, 7.006427540551201
843.3333333333334, 7.247594036359638
843.6666666666666, 7.322069156316798
844.0, 7.464810883296806
844.3333333333334, 7.5596933353888485
844.6666666666666, 7.5491209810744095
845.0, 7.690339704648812
845.3333333333334, 7.765298844624269
845.6666666666666, 7.683873677527235
846.0, 7.75170199237057
846.3333333333334, 7.8542785069147225
846.6666666666666, 7.732531939148748
847.0, 7.918133231015562
847.3333333333334, 8.054305863717236
847.6666666666666, 7.950060385033448
848.0, 8.018753924181215
848.3333333333334, 8.082783515078168
848.6666666666666, 7.931028009959265
849.0, 7.838997915961135
849.3333333333334, 7.873200538849096
849.6666666666666, 7.711675812551858
850.0, 7.620862194087339
850.3333333333334, 7.620528928142065
850.6666666666666, 7.338406878550252
851.0, 7.2672615434779475
851.3333333333334, 7.1879441179322345
851.6666666666666, 7.21466082888198
852.0, 7.2325573393079425
852.3333333333334, 7.412296751082769
852.6666666666666, 7.239649542979572
853.0, 7.2591619030745616
853.3333333333334, 7.24343950465447
853.6666666666666, 7.087028427460798
854.0, 7.239424031396686
854.3333333333334, 7.473365463580012
854.6666666666666, 7.255512007458937
855.0, 7.1941213682533744
855.3333333333334, 7.1264301808650234
855.6666666666666, 7.022569427654352
856.0, 6.976168076771172
856.3333333333334, 6.942858906450918
856.6666666666666, 6.741969141361798
857.0, 6.570601506169216
857.3333333333334, 6.6048191465494455
857.6666666666666, 6.391720811721035
858.0, 6.321768844193344
858.3333333333334, 6.025302855780382
858.6666666666666, 5.686437741719091
859.0, 5.346363136273576
859.3333333333334, 5.245070765140123
859.6666666666666, 4.979293903808769
860.0, 4.913881563811054
860.3333333333334, 4.880549815835556
860.6666666666666, 4.6072250870978975
861.0, 4.340294293324523
861.3333333333334, 4.371505764185966
861.6666666666666, 4.359643376614534
862.0, 4.383388518725498
862.3333333333334, 4.3204798544767655
862.6666666666666, 4.181998882357539
863.0, 4.211582479918199
863.3333333333334, 4.492637551881876
863.6666666666666, 4.568142962317085
864.0, 4.554550974428438
864.3333333333334, 4.791122322274825
864.6666666666666, 4.926849213859939
865.0, 4.999827823680965
865.3333333333334, 5.364864244394462
865.6666666666666, 5.422790743498668
866.0, 5.476339944442549
866.3333333333334, 5.678545431255886
866.6666666666666, 5.76108731367302
867.0, 5.896824879201804
867.3333333333334, 6.229372199318151
867.6666666666666, 6.277001136563748
868.0, 6.37673353014092
868.3333333333334, 6.485573928322988
868.6666666666666, 6.63166859479193
869.0, 6.56847339159908
869.3333333333334, 6.624365060410554
869.6666666666666, 6.62048842973809
870.0, 6.494044640534865
870.3333333333334, 6.471974042728893
870.6666666666666, 6.331109612219423
871.0, 6.118266019691548
871.3333333333334, 5.94411365307044
871.6666666666666, 5.916955487096592
872.0, 5.681810213642021
872.3333333333334, 5.708672273830894
872.6666666666666, 5.723915416919729
873.0, 5.666639957965246
873.3333333333334, 5.689147659880861
873.6666666666666, 5.589233575919801
874.0, 5.444182718528489
874.3333333333334, 5.539355191170481
874.6666666666666, 5.534705093960646
875.0, 5.51287437705666
875.3333333333334, 5.521091638973342
875.6666666666666, 5.713288015877382
876.0, 5.862161322301428
876.3333333333334, 6.050358603133551
876.6666666666666, 6.20284077063633
877.0, 6.352202576131489
877.3333333333334, 6.622364526903572
877.6666666666666, 6.712674226477533
878.0, 6.883973934978011
878.3333333333334, 6.981210289613682
878.6666666666666, 7.0180050162743886
879.0, 7.154797234765977
879.3333333333334, 7.202309088461708
879.6666666666666, 7.16152738550834
880.0, 7.003992127474371
880.3333333333334, 6.937436046988493
880.6666666666666, 6.769499518738989
881.0, 6.67444450466796
881.3333333333334, 6.686185157238048
881.6666666666666, 6.560331428537305
882.0, 6.466981998184416
882.3333333333334, 6.475892834424458
882.6666666666666, 6.256939971948851
883.0, 6.085988730167614
883.3333333333334, 6.01627373563971
883.6666666666666, 5.892529507329251
884.0, 5.78572475585864
884.3333333333334, 5.75241055739747
884.6666666666666, 5.5635229235674375
885.0, 5.564981909818205
885.3333333333334, 5.657996590555728
885.6666666666666, 5.628527933496691
886.0, 5.702193627993715
886.3333333333334, 5.709378545506964
886.6666666666666, 5.76062516794109
887.0, 5.940526115544182
887.3333333333334, 6.048002292351329
887.6666666666666, 6.0807241576987066
888.0, 6.113164727902044
888.3333333333334, 6.206562527151346
888.6666666666666, 6.136013719344828
889.0, 6.07509979886431
889.3333333333334, 6.155799685625658
889.6666666666666, 6.171258250213535
890.0, 6.1737630172899145
890.3333333333334, 6.234955773168583
890.6666666666666, 6.16598341984458
891.0, 6.261609309074721
891.3333333333334, 6.398386528222575
891.6666666666666, 6.310809012120064
892.0, 6.285545243624429
892.3333333333334, 6.23494855888527
892.6666666666666, 6.031878987449202
893.0, 6.006628874136279
893.3333333333334, 6.033601758883762
893.6666666666666, 5.93252668655636
894.0, 5.950057782773971
894.3333333333334, 6.0553329703806344
894.6666666666666, 5.926937301716718
895.0, 5.898285068100502
895.3333333333334, 5.938754324269373
895.6666666666666, 5.8617348217048955
896.0, 5.84427490791194
896.3333333333334, 5.7211516079549165
896.6666666666666, 5.57470692154744
897.0, 5.489328117170851
897.3333333333334, 5.634295331078139
897.6666666666666, 5.520896938582717
898.0, 5.450890057042516
898.3333333333334, 5.51065467247715
898.6666666666666, 5.409016518924803
899.0, 5.301721727764718
899.3333333333334, 5.349278081339518
899.6666666666666, 5.4134420616563546
900.0, 5.4134850678267465
900.3333333333334, 5.380691260844036
900.6666666666666, 5.21973727528584
901.0, 5.001205370340532
901.3333333333334, 4.996957888198272
901.6666666666666, 4.90842237924372
902.0, 4.902228645494329
902.3333333333334, 4.863064420755095
902.6666666666666, 4.780831646483553
903.0, 4.809385515011487
903.3333333333334, 4.894300857351811
903.6666666666666, 4.916421751269533
904.0, 4.809358672297369
904.3333333333334, 4.872371525950562
904.6666666666666, 4.83414548504032
905.0, 4.792231361209385
905.3333333333334, 4.914041382724969
905.6666666666666, 5.2015399512485505
906.0, 5.231913389283888
906.3333333333334, 5.126550488992825
906.6666666666666, 5.290273051712619
907.0, 5.3453716963374065
907.3333333333334, 5.502198563232102
907.6666666666666, 5.548526632450448
908.0, 5.490165273804156
908.3333333333334, 5.592741400204623
908.6666666666666, 5.450412425087007
909.0, 5.47691631362671
909.3333333333334, 5.520482676283511
909.6666666666666, 5.528551550739843
910.0, 5.406902942150398
910.3333333333334, 5.331024545528983
910.6666666666666, 5.3383158258466334
911.0, 5.253218621458066
911.3333333333334, 5.3723361606173805
911.6666666666666, 5.259990585120876
912.0, 5.108084448300089
912.3333333333334, 4.778142658799345
912.6666666666666, 4.573905429230767
913.0, 4.512658293505459
913.3333333333334, 4.3308057960889155
913.6666666666666, 4.245285152271043
914.0, 4.087008776596726
914.3333333333334, 4.055718791224448
914.6666666666666, 4.056648001590708
915.0, 3.936781565255533
915.3333333333334, 4.193134257636958
915.6666666666666, 4.221208898489748
916.0, 4.239432402848517
916.3333333333334, 4.509037576994378
916.6666666666666, 4.6070740193525115
917.0, 4.756622521431103
917.3333333333334, 4.815934389202749
917.6666666666666, 4.841349900755853
918.0, 4.731069171115423
918.3333333333334, 4.898289372239693
918.6666666666666, 4.879036512432701
919.0, 5.112482731917341
919.3333333333334, 5.338847377920411
919.6666666666666, 5.472469655617138
920.0, 5.5761737642237215
920.3333333333334, 5.5861478042666555
920.6666666666666, 5.5645787666110476
921.0, 5.596021217792307
921.3333333333334, 5.742853770178087
921.6666666666666, 5.841683012076282
922.0, 5.593887398295113
922.3333333333334, 5.554167168321404
922.6666666666666, 5.468867009475563
923.0, 5.187292123737917
923.3333333333334, 5.118225292354575
923.6666666666666, 5.021337500708642
924.0, 4.933818632194157
924.3333333333334, 4.9121789507210165
924.6666666666666, 4.977774389439452
925.0, 5.016583423570866
925.3333333333334, 5.070097723818971
925.6666666666666, 4.965272863840111
926.0, 4.963231467918883
926.3333333333334, 5.031326834167848
926.6666666666666, 4.920530849699046
927.0, 5.1005141006609716
927.3333333333334, 5.113633870072015
927.6666666666666, 5.154794594076854
928.0, 5.161087260885897
928.3333333333334, 5.166808674461402
928.6666666666666, 5.333186731504169
929.0, 5.342727606562325
929.3333333333334, 5.368011126412019
929.6666666666666, 5.491806980475531
930.0, 5.6634920758069836
930.3333333333334, 5.700178184021286
930.6666666666666, 5.603926114426495
931.0, 5.616942137174269
931.3333333333334, 5.607595160988808
931.6666666666666, 5.470527401415572
932.0, 5.446708771379618
932.3333333333334, 5.396642819058336
932.6666666666666, 5.206532432114636
933.0, 5.079520851625227
933.3333333333334, 5.0145946882254355
933.6666666666666, 4.815783512505277
934.0, 4.8217078604281784
934.3333333333334, 4.772109724735722
934.6666666666666, 4.583275131068622
935.0, 4.470388822747021
935.3333333333334, 4.465638243719522
935.6666666666666, 4.476297825335267
936.0, 4.528202850867914
936.3333333333334, 4.3989716583736165
936.6666666666666, 4.181000821861919
937.0, 4.1950336755562585
937.3333333333334, 4.2068395555382345
937.6666666666666, 4.19885214441842
938.0, 4.105868810582223
938.3333333333334, 4.05033610750766
938.6666666666666, 3.9769815392945085
939.0, 3.956636416134488
939.3333333333334, 4.051654283511222
939.6666666666666, 4.099336419118905
940.0, 4.182970963249075
940.3333333333334, 4.169105074632654
940.6666666666666, 4.148608679673233
941.0, 4.102545688639636
941.3333333333334, 4.2015083358808605
941.6666666666666, 4.330668823606063
942.0, 4.308142290199673
942.3333333333334, 4.2588816508300775
942.6666666666666, 4.24445752988547
943.0, 4.260158092590302
943.3333333333334, 4.331596576253871
943.6666666666666, 4.3007994392275215
944.0, 4.416362599555344
944.3333333333334, 4.389295350664962
944.6666666666666, 4.336756525515764
945.0, 4.429242191570028
945.3333333333334, 4.573012657543204
945.6666666666666, 4.6087153004819985
946.0, 4.72515094527032
946.3333333333334, 4.784698701388882
946.6666666666666, 5.095708367940082
947.0, 5.168263932360679
947.3333333333334, 5.306024458787822
947.6666666666666, 5.557331711362204
948.0, 5.6401727608280945
948.3333333333334, 5.673158561731485
948.6666666666666, 5.535852649891471
949.0, 5.496577538176799
949.3333333333334, 5.475884270826546
949.6666666666666, 5.381430406760334
950.0, 5.343095595251617
950.3333333333334, 5.295393700933894
950.6666666666666, 5.214643705562658
951.0, 5.197632903886644
951.3333333333334, 5.251593771207431
951.6666666666666, 5.201339589426779
952.0, 5.201226570452301
952.3333333333334, 5.17761667881117
952.6666666666666, 5.02147657582804
953.0, 4.909498388769498
953.3333333333334, 4.571879877925488
953.6666666666666, 4.47467177089378
954.0, 4.530119966521985
954.3333333333334, 4.3560939779473635
954.6666666666666, 4.241842093173612
955.0, 4.3541355632932905
955.3333333333334, 4.509712605163201
955.6666666666666, 4.5790641469710724
956.0, 4.606458996566244
956.3333333333334, 4.679769660118318
956.6666666666666, 4.591648394432971
957.0, 4.613054446188278
957.3333333333334, 4.6126017092484
957.6666666666666, 4.678641216669156
958.0, 4.7652746766883425
958.3333333333334, 4.735568101149775
958.6666666666666, 4.627722845176899
959.0, 4.603401776293358
959.3333333333334, 4.616925983835242
959.6666666666666, 4.623590713477656
960.0, 4.559032663423986
960.3333333333334, 4.549223322077664
960.6666666666666, 4.3712400766951545
961.0, 4.299212038521022
961.3333333333334, 4.457152649096356
961.6666666666666, 4.291008897907838
962.0, 4.13396745454435
962.3333333333334, 4.119193827107444
962.6666666666666, 4.024945784528795
963.0, 3.9671443156517974
963.3333333333334, 4.071363666483475
963.6666666666666, 3.9584897181907435
964.0, 4.0477754163313175
964.3333333333334, 4.054081214475035
964.6666666666666, 4.036480992680546
965.0, 4.163029907759525
965.3333333333334, 4.304002791570816
965.6666666666666, 4.473785683140432
966.0, 4.528642042816871
966.3333333333334, 4.462443477647075
966.6666666666666, 4.430492297773437
967.0, 4.340547080217254
967.3333333333334, 4.351197796725694
967.6666666666666, 4.3473134955407655
968.0, 4.201930155302878
968.3333333333334, 4.200273218065183
968.6666666666666, 4.203436431251118
969.0, 4.219401766380021
969.3333333333334, 4.285281327720026
969.6666666666666, 4.3614072150117575
970.0, 4.387232931305421
970.3333333333334, 4.475233732608196
970.6666666666666, 4.331892191832051
971.0, 4.259188370732223
971.3333333333334, 4.178285508271385
971.6666666666666, 4.10389028825484
972.0, 4.088467590192685
972.3333333333334, 4.063588469773224
972.6666666666666, 4.0602836457793945
973.0, 4.048133096437558
973.3333333333334, 4.111554776687548
973.6666666666666, 4.170866646566145
974.0, 4.182830395449267
974.3333333333334, 4.162659263238644
974.6666666666666, 4.043650351733856
975.0, 3.9571665393906486
975.3333333333334, 4.050351692893004
975.6666666666666, 4.048255288366691
976.0, 4.0757286922454075
976.3333333333334, 4.015938526184979
976.6666666666666, 3.9349642143502117
977.0, 3.9000207346022377
977.3333333333334, 3.987817071280349
977.6666666666666, 3.9657389026395378
978.0, 4.060432087400421
978.3333333333334, 4.108403890194552
978.6666666666666, 4.102612991654379
979.0, 4.039932624655238
979.3333333333334, 4.046128899002275
979.6666666666666, 4.167859977182038
980.0, 4.265813043696193
980.3333333333334, 4.324900640004204
980.6666666666666, 4.336040659376282
981.0, 4.382833507965328
981.3333333333334, 4.597213435453634
981.6666666666666, 4.631039696246403
982.0, 4.619594569480986
982.3333333333334, 4.555438897816471
982.6666666666666, 4.479014620417365
983.0, 4.52266199974609
983.3333333333334, 4.5895408115130145
983.6666666666666, 4.662618042585601
984.0, 4.752009571182223
984.3333333333334, 4.844819417309328
984.6666666666666, 4.72133046460044
985.0, 4.791866250474976
985.3333333333334, 4.7172213376904875
985.6666666666666, 4.738450884462968
986.0, 4.715218541500553
986.3333333333334, 4.655323434557962
986.6666666666666, 4.508203467975994
987.0, 4.462530022261078
987.3333333333334, 4.477828049384034
987.6666666666666, 4.463199801063543
988.0, 4.388670205553198
988.3333333333334, 4.501492661849531
988.6666666666666, 4.475083260586027
989.0, 4.543795295175483
989.3333333333334, 4.68827298037127
989.6666666666666, 4.661345592492304
990.0, 4.650240908420012
990.3333333333334, 4.663026214383864
990.6666666666666, 4.436646379010629
991.0, 4.484730467619802
991.3333333333334, 4.5690032801169815
991.6666666666666, 4.454693458466325
992.0, 4.4910577951230035
992.3333333333334, 4.464950890295176
992.6666666666666, 4.381594137003605
993.0, 4.448471169630766
993.3333333333334, 4.50529998943396
993.6666666666666, 4.505227448247643
994.0, 4.541302653099596
994.3333333333334, 4.4978147117735015
994.6666666666666, 4.409711650669056
995.0, 4.313567551805064
995.3333333333334, 4.395578424251739
995.6666666666666, 4.368871773301932
996.0, 4.3416968669716125
996.3333333333334, 4.46539775824702
996.6666666666666, 4.381223592122077
997.0, 4.325756777598688
997.3333333333334, 4.497834226955314
997.6666666666666, 4.348824066419197
998.0, 4.409845772724685
998.3333333333334, 4.392237994659854
998.6666666666666, 4.256820014981152
999.0, 4.3464521915764305
999.3333333333334, 4.4669554830775535
999.6666666666666, 4.4876282150779545
1000.0, 4.559030596822448
1000.3333333333334, 4.76553827533999
1000.6666666666666, 4.709069395876529
1001.0, 4.846784629713719
1001.3333333333334, 4.942695645424726
1001.6666666666666, 5.062885131220675
1002.0, 5.020363806424859
1002.3333333333334, 5.084742325240865
1002.6666666666666, 5.001531409440455
1003.0, 4.972143175585191
1003.3333333333334, 5.044244724194444
1003.6666666666666, 5.009815023547991
1004.0, 4.957579118950033
1004.3333333333334, 5.104868680283093
1004.6666666666666, 4.9832322134799005
1005.0, 4.982413368103607
1005.3333333333334, 5.150814223139198
1005.6666666666666, 5.0261341125197445
1006.0, 4.955270483376137
1006.3333333333334, 4.873461576453863
1006.6666666666666, 4.759881904872133
1007.0, 4.5448948696736355
1007.3333333333334, 4.577594123738487
1007.6666666666666, 4.531737947257019
1008.0, 4.4911213578771925
1008.3333333333334, 4.402321528361398
1008.6666666666666, 4.303776275187089
1009.0, 4.215206865726953
1009.3333333333334, 4.328148134757045
1009.6666666666666, 4.301158600716947
1010.0, 4.366590764524273
1010.3333333333334, 4.421861612613584
1010.6666666666666, 4.365595348771811
1011.0, 4.270717652700537
1011.3333333333334, 4.34460937995995
1011.6666666666666, 4.4459212638237
1012.0, 4.4973246523035995
1012.3333333333334, 4.633232046623396
1012.6666666666666, 4.614954533658099
1013.0, 4.714534219213861
1013.3333333333334, 4.91893516916019
1013.6666666666666, 4.862972526025112
1014.0, 4.843622941442017
1014.3333333333334, 4.787884750233716
1014.6666666666666, 4.767951905049999
1015.0, 4.757976709049723
1015.3333333333334, 4.833717594397701
1015.6666666666666, 4.852990414358057
1016.0, 4.810943806152792
1016.3333333333334, 4.763741266933255
1016.6666666666666, 4.642393563305408
1017.0, 4.564782700546596
1017.3333333333334, 4.649348000513201
1017.6666666666666, 4.61340546577882
1018.0, 4.56041453410936
1018.3333333333334, 4.431675912879848
1018.6666666666666, 4.302656364752583
1019.0, 4.131219356662869
1019.3333333333334, 4.242844493374735
1019.6666666666666, 4.143835455278834
1020.0, 4.073380631178317
1020.3333333333334, 4.151585155308232
1020.6666666666666, 4.053926888076376
1021.0, 4.10676258084952
1021.3333333333334, 4.1483063543423375
1021.6666666666666, 4.172908872208192
1022.0, 4.3328863225888234
1022.3333333333334, 4.387104237454835
1022.6666666666666, 4.2663558224248925
1023.0, 4.262994220564809
1023.3333333333334, 4.2882515889484605
1023.6666666666666, 4.3143246243333575
1024.0, 4.273122103122487
1024.3333333333333, 4.298545574264823
1024.6666666666667, 4.257586795707606
1025.0, 4.245041577495156
1025.3333333333333, 4.212842218294243
1025.6666666666667, 4.1875547362539605
1026.0, 4.112424422476703
1026.3333333333333, 4.16200667918376
1026.6666666666667, 4.068858320813329
1027.0, 4.152982670787189
1027.3333333333333, 4.281304070152922
1027.6666666666667, 4.249489928002653
1028.0, 4.267835496733059
1028.3333333333333, 4.2104668109191765
1028.6666666666667, 4.011162119662255
1029.0, 3.8904174550161152
1029.3333333333333, 4.007433225864766
1029.6666666666667, 4.118612422252356
1030.0, 4.195011081264037
1030.3333333333333, 4.187692580768355
1030.6666666666667, 4.151089164332495
1031.0, 4.181956313670693
1031.3333333333333, 4.289509598337313
1031.6666666666667, 4.343683829134181
1032.0, 4.596169321358058
1032.3333333333333, 4.61470811403656
1032.6666666666667, 4.629359097906635
1033.0, 4.703088928676106
1033.3333333333333, 4.746947843260119
1033.6666666666667, 4.739298174387936
1034.0, 4.830448119805699
1034.3333333333333, 4.892506761540327
1034.6666666666667, 4.77065037099259
1035.0, 4.686456944104917
1035.3333333333333, 4.691383709970657
1035.6666666666667, 4.801320131180659
1036.0, 4.7755573364584425
1036.3333333333333, 4.7172254577708985
1036.6666666666667, 4.586737898714477
1037.0, 4.638828526742724
1037.3333333333333, 4.816519046695218
1037.6666666666667, 4.811996879144244
1038.0, 4.821210888731188
1038.3333333333333, 4.829469081486954
1038.6666666666667, 4.557231698638523
1039.0, 4.533825240278834
1039.3333333333333, 4.53234476402947
1039.6666666666667, 4.447852278068141
1040.0, 4.414538860684085
1040.3333333333333, 4.353016363879258
1040.6666666666667, 4.1645949503786515
1041.0, 4.033549655789694
1041.3333333333333, 4.050187039049427
1041.6666666666667, 4.136018729433511
1042.0, 4.201474604167808
1042.3333333333333, 4.155496851348228
1042.6666666666667, 4.075196603387605
1043.0, 4.094259600233092
1043.3333333333333, 4.2868854600346475
1043.6666666666667, 4.3499948512262705
1044.0, 4.206043398509026
1044.3333333333333, 4.217772098457582
1044.6666666666667, 4.241366419763084
1045.0, 4.218701529587223
1045.3333333333333, 4.286577779977431
1045.6666666666667, 4.262516159243253
1046.0, 4.346248491186364
1046.3333333333333, 4.398492245531803
1046.6666666666667, 4.404203616382256
1047.0, 4.4102599639017
1047.3333333333333, 4.585543794772981
1047.6666666666667, 4.723656103924657
1048.0, 4.844280781978166
1048.3333333333333, 4.890915711788901
1048.6666666666667, 4.827510973882996
1049.0, 4.908859160045483
1049.3333333333333, 5.014116659676768
1049.6666666666667, 4.946520629320476
1050.0, 4.857813840954796
1050.3333333333333, 4.753499876738656
1050.6666666666667, 4.668174501915913
1051.0, 4.635409981442167
1051.3333333333333, 4.644774348342383
1051.6666666666667, 4.647000379741466
1052.0, 4.727122720915779
1052.3333333333333, 4.8737757140435605
1052.6666666666667, 4.752592027093915
1053.0, 4.761948002535414
1053.3333333333333, 4.910740286789369
1053.6666666666667, 4.961547248668986
1054.0, 4.960128531336232
1054.3333333333333, 4.888459685657072
1054.6666666666667, 4.758092225647314
1055.0, 4.872199904808056
1055.3333333333333, 4.9070250252807845
1055.6666666666667, 4.856116820437597
1056.0, 4.902870685047619
1056.3333333333333, 4.927661583309765
1056.6666666666667, 4.867153143238882
1057.0, 4.8598073392679995
1057.3333333333333, 5.029222175280384
1057.6666666666667, 5.092164022805741
1058.0, 5.105272139892697
1058.3333333333333, 5.120830391798377
1058.6666666666667, 4.963681229053832
1059.0, 4.906358983083878
1059.3333333333333, 5.019749435760067
1059.6666666666667, 4.949704650269815
1060.0, 4.843506692953328
1060.3333333333333, 4.90353215452235
1060.6666666666667, 4.722870135369909
1061.0, 4.844198277130626
1061.3333333333333, 4.932716815347847
1061.6666666666667, 4.813031249021418
1062.0, 4.906724937851524
1062.3333333333333, 4.9025349833598355
1062.6666666666667, 4.771611564244404
1063.0, 4.694026024916662
1063.3333333333333, 4.710674927275511
1063.6666666666667, 4.692225182056303
1064.0, 4.656680057613464
1064.3333333333333, 4.606345427057207
1064.6666666666667, 4.4386217805124755
1065.0, 4.4523002044302284
1065.3333333333333, 4.581701564141665
1065.6666666666667, 4.5852125250255416
1066.0, 4.44862394293071
1066.3333333333333, 4.564082971911416
1066.6666666666667, 4.44826616768899
1067.0, 4.46992249419364
1067.3333333333333, 4.584262658482931
1067.6666666666667, 4.537529095946349
1068.0, 4.660034058558819
1068.3333333333333, 4.653530279797602
1068.6666666666667, 4.5577858526488795
1069.0, 4.574483641923729
1069.3333333333333, 4.67872537466908
1069.6666666666667, 4.667330839324309
1070.0, 4.77291792006759
1070.3333333333333, 4.800138784922932
1070.6666666666667, 4.757458556661339
1071.0, 4.848389801317134
1071.3333333333333, 4.96961434690299
1071.6666666666667, 4.997522841748269
1072.0, 5.04232482078824
1072.3333333333333, 5.0297357578534925
1072.6666666666667, 5.098635590458784
1073.0, 5.010197196729665
1073.3333333333333, 5.153285409487905
1073.6666666666667, 5.067770563632174
1074.0, 5.084195836387655
1074.3333333333333, 5.0813841377711535
1074.6666666666667, 4.9488552127865315
1075.0, 4.911571408391339
1075.3333333333333, 4.973430645772772
1075.6666666666667, 4.975611652483435
1076.0, 5.042342702571456
1076.3333333333333, 5.282467476399653
1076.6666666666667, 5.26493101444136
1077.0, 5.339294841718333
1077.3333333333333, 5.440277207523076
1077.6666666666667, 5.424044890207575
1078.0, 5.364449010568384
1078.3333333333333, 5.306848658868267
1078.6666666666667, 5.206923725663625
1079.0, 5.268379791049305
1079.3333333333333, 5.340611282436074
1079.6666666666667, 5.439429619616707
1080.0, 5.665101855329657
1080.3333333333333, 5.866320006619143
1080.6666666666667, 5.955964742022337
1081.0, 5.921155238715583
1081.3333333333333, 6.071159476763702
1081.6666666666667, 6.10308295222109
1082.0, 6.045243991766276
1082.3333333333333, 6.048311910082747
1082.6666666666667, 5.9224576331393095
1083.0, 5.696412941826297
1083.3333333333333, 5.705437873220891
1083.6666666666667, 5.671932346644437
1084.0, 5.744861915695077
1084.3333333333333, 5.795133804055307
1084.6666666666667, 5.889080706166888
1085.0, 5.92015325257516
1085.3333333333333, 5.958864446696664
1085.6666666666667, 5.94252727515981
1086.0, 5.951132049799318
1086.3333333333333, 5.982602966590857
1086.6666666666667, 5.622621243226261
1087.0, 5.460915123167505
1087.3333333333333, 5.4003397118197185
1087.6666666666667, 5.4805333329497286
1088.0, 5.365126155387719
1088.3333333333333, 5.478560289162039
1088.6666666666667, 5.507131802171849
1089.0, 5.58397542779492
1089.3333333333333, 5.713964182270319
1089.6666666666667, 5.799621956991226
1090.0, 5.85042085998414
1090.3333333333333, 5.938258253376114
1090.6666666666667, 5.780047697742956
1091.0, 5.6443938268232
1091.3333333333333, 5.585866479440481
1091.6666666666667, 5.585939944585614
1092.0, 5.687683551808589
1092.3333333333333, 5.8405075887944795
1092.6666666666667, 6.10597654645555
1093.0, 6.0283107642938
1093.3333333333333, 6.250093243119403
1093.6666666666667, 6.273387593663722
1094.0, 6.352019856917682
1094.3333333333333, 6.362829294702975
1094.6666666666667, 6.443840445522286
1095.0, 6.430675612996604
1095.3333333333333, 6.44908751590004
1095.6666666666667, 6.4297123575883095
1096.0, 6.500596166485698
1096.3333333333333, 6.677923619108077
1096.6666666666667, 6.663987800935017
1097.0, 6.65645451116103
1097.3333333333333, 6.842253512042248
1097.6666666666667, 7.027762025371172
1098.0, 7.16466225832375
1098.3333333333333, 7.2459798229144425
1098.6666666666667, 7.13733599527621
1099.0, 7.0345131673158106
1099.3333333333333, 6.698582880506049
1099.6666666666667, 6.682241635580875
1100.0, 6.669919698207904
1100.3333333333333, 6.950941930303894
1100.6666666666667, 6.885751362630015
1101.0, 7.104907442994227
1101.3333333333333, 7.043359032700485
1101.6666666666667, 7.080256715395917
1102.0, 7.2353992461969865
1102.3333333333333, 7.334956669361164
1102.6666666666667, 7.19201426757936
1103.0, 7.070674805790988
1103.3333333333333, 7.07681762523319
1103.6666666666667, 7.154126736839599
1104.0, 7.036303442116695
1104.3333333333333, 7.0218622053339175
1104.6666666666667, 6.947893308126862
1105.0, 6.9547434680574955
1105.3333333333333, 7.068199580610302
1105.6666666666667, 7.093315473294804
1106.0, 7.122963365002154
1106.3333333333333, 7.179320835091739
1106.6666666666667, 7.051241313724468
1107.0, 6.853937720473704
1107.3333333333333, 6.8640303474806075
1107.6666666666667, 6.5242909901359525
1108.0, 6.497923435690178
1108.3333333333333, 6.558810590135342
1108.6666666666667, 6.397384522878896
1109.0, 6.280704111246673
1109.3333333333333, 6.274085766014399
1109.6666666666667, 6.291431852047321
1110.0, 6.241933287725289
1110.3333333333333, 6.261576833065805
1110.6666666666667, 6.400351065964192
1111.0, 6.396928735312691
1111.3333333333333, 6.445681598812169
1111.6666666666667, 6.490306227985127
1112.0, 6.406951425202202
1112.3333333333333, 6.454983413282774
1112.6666666666667, 6.545984724457208
1113.0, 6.544154167477106
1113.3333333333333, 6.584952598910077
1113.6666666666667, 6.5345809896848
1114.0, 6.519993874204711
1114.3333333333333, 6.573466219350967
1114.6666666666667, 6.571355383978637
1115.0, 6.449070764305434
1115.3333333333333, 6.437892285715894
1115.6666666666667, 6.325887823376034
1116.0, 6.4892944313602285
1116.3333333333333, 6.469114084364622
1116.6666666666667, 6.478335844114123
1117.0, 6.362007969451987
1117.3333333333333, 6.331256938351638
1117.6666666666667, 6.2371040902625845
1118.0, 6.270153102275036
1118.3333333333333, 6.195079098112995
1118.6666666666667, 6.501652309554591
1119.0, 6.478452918420501
1119.3333333333333, 6.365404188941932
1119.6666666666667, 6.426491931957043
1120.0, 6.504206982945762
1120.3333333333333, 6.458780331793402
1120.6666666666667, 6.505492936763754
1121.0, 6.5943316397355645
1121.3333333333333, 6.729314284383608
1121.6666666666667, 6.730967093158355
1122.0, 6.868894807796657
1122.3333333333333, 6.9793087394388795
1122.6666666666667, 6.787351140064564
1123.0, 6.7314696806021415
1123.3333333333333, 6.746504281804702
1123.6666666666667, 6.746411235720657
1124.0, 6.597789253057192
1124.3333333333333, 6.573212854660882
1124.6666666666667, 6.422858051504586
1125.0, 6.3648107415849875
1125.3333333333333, 6.061149680608475
1125.6666666666667, 6.016025297465207
1126.0, 6.1356213395285755
1126.3333333333333, 6.0340264378236785
1126.6666666666667, 5.96759344612756
1127.0, 5.987041244523868
1127.3333333333333, 5.920529333969388
1127.6666666666667, 5.78299437678637
1128.0, 5.705105621949968
1128.3333333333333, 5.627475098581781
1128.6666666666667, 5.451787025298202
1129.0, 5.401409870533411
1129.3333333333333, 5.427643903790761
1129.6666666666667, 5.402371211635176
1130.0, 5.373312744952752
1130.3333333333333, 5.341231044759971
1130.6666666666667, 5.287210841783913
1131.0, 5.238945895741673
1131.3333333333333, 5.217181418751172
1131.6666666666667, 5.193686792186467
1132.0, 5.159919866558154
1132.3333333333333, 5.140264249703748
1132.6666666666667, 5.07385072509935
1133.0, 4.960147760997412
1133.3333333333333, 4.961666678388939
1133.6666666666667, 4.907965653253959
1134.0, 4.967710138902853
1134.3333333333333, 5.084488570912667
1134.6666666666667, 5.030109654049821
1135.0, 5.104188481216886
1135.3333333333333, 5.1723164030150794
1135.6666666666667, 5.136117947056443
1136.0, 5.302129583535928
1136.3333333333333, 5.41497192376441
1136.6666666666667, 5.456039551562553
1137.0, 5.417228876405815
1137.3333333333333, 5.495264380235733
1137.6666666666667, 5.531128288488258
1138.0, 5.742654942650841
1138.3333333333333, 5.791768476120746
1138.6666666666667, 5.670808682135624
1139.0, 5.662429312093914
1139.3333333333333, 5.634889188271187
1139.6666666666667, 5.632382112292056
1140.0, 5.659430763391204
1140.3333333333333, 5.656735874359032
1140.6666666666667, 5.555267802059564
1141.0, 5.488438463458968
1141.3333333333333, 5.5268867115083165
1141.6666666666667, 5.505370094006215
1142.0, 5.589324436663079
1142.3333333333333, 5.742639073448681
1142.6666666666667, 5.625172799133367
1143.0, 5.562733411748768
1143.3333333333333, 5.550677497110506
1143.6666666666667, 5.649581994756531
1144.0, 5.783443735837208
1144.3333333333333, 5.789388252429675
1144.6666666666667, 5.589734456069218
1145.0, 5.618950525606796
1145.3333333333333, 5.840354249945329
1145.6666666666667, 5.854490476538283
1146.0, 5.949574922966802
1146.3333333333333, 6.165056054488155
1146.6666666666667, 6.059537790854412
1147.0, 6.122917005874968
1147.3333333333333, 6.212071241093282
1147.6666666666667, 6.328805153356192
1148.0, 6.444776233690908
1148.3333333333333, 6.498670509214553
1148.6666666666667, 6.3861938341714435
1149.0, 6.281854790057229
1149.3333333333333, 6.273967259730648
1149.6666666666667, 6.392160765006296
1150.0, 6.391383159602007
1150.3333333333333, 6.351409183916003
1150.6666666666667, 6.232296510602736
1151.0, 6.338332187562909
1151.3333333333333, 6.356577149694058
1151.6666666666667, 6.349138259786808
1152.0, 6.2958751380661555
1152.3333333333333, 6.234718601045203
1152.6666666666667, 6.05381100081145
1153.0, 5.927366493500759
1153.3333333333333, 5.953447135474269
1153.6666666666667, 6.008137005827349
1154.0, 6.142253170766783
1154.3333333333333, 5.942327364826034
1154.6666666666667, 5.696615471517287
1155.0, 5.613460951866742
1155.3333333333333, 5.572345295582801
1155.6666666666667, 5.770019549621822
1156.0, 5.878931644979253
1156.3333333333333, 5.790630702299031
1156.6666666666667, 5.76171976346094
1157.0, 5.858712757579463
1157.3333333333333, 5.952111003950915
1157.6666666666667, 6.0166277532764765
1158.0, 6.279722916062382
1158.3333333333333, 6.320328776964429
1158.6666666666667, 6.27739822474599
1159.0, 6.440797853364094
1159.3333333333333, 6.616039199663861
1159.6666666666667, 6.742346601160248
1160.0, 6.911228604162278
1160.3333333333333, 6.923931869892295
1160.6666666666667, 6.86200914769463
1161.0, 7.023633474814143
1161.3333333333333, 7.215199464520528
1161.6666666666667, 7.389802060636432
1162.0, 7.6354642101941534
1162.3333333333333, 7.495888620655125
1162.6666666666667, 7.4802695571486
1163.0, 7.7731855091236115
1163.3333333333333, 7.857189231836895
1163.6666666666667, 7.832619405890168
1164.0, 7.778192678402254
1164.3333333333333, 7.553010790258975
1164.6666666666667, 7.239610213006242
1165.0, 7.192861755213903
1165.3333333333333, 7.210801224415458
1165.6666666666667, 7.133002577580757
1166.0, 7.157446339586407
1166.3333333333333, 6.998359295434651
1166.6666666666667, 6.684691971845486
1167.0, 6.5684087829109785
1167.3333333333333, 6.475771681102577
1167.6666666666667, 6.470560947664163
1168.0, 6.457259981774776
1168.3333333333333, 6.295733612413086
1168.6666666666667, 6.1588641143123475
1169.0, 6.300621181800244
1169.3333333333333, 6.3126095004956175
1169.6666666666667, 6.0135537387250775
1170.0, 6.045136239691461
1170.3333333333333, 5.9566068899789535
1170.6666666666667, 5.880107737021515
1171.0, 5.9667485198132395
1171.3333333333333, 6.0639722824237525
1171.6666666666667, 6.0102879028099805
1172.0, 5.972561846853467
1172.3333333333333, 5.877228080511672
1172.6666666666667, 5.628162147988673
1173.0, 5.669257539232944
1173.3333333333333, 5.868671839194198
1173.6666666666667, 5.865980961826881
1174.0, 6.0793333655987665
1174.3333333333333, 6.055752827837792
1174.6666666666667, 5.830874759589511
1175.0, 5.804039506624497
1175.3333333333333, 5.7904136874438645
1175.6666666666667, 5.600978894315874
1176.0, 5.487582450107294
1176.3333333333333, 5.4022193003690315
1176.6666666666667, 5.204534994751521
1177.0, 5.175925259476734
1177.3333333333333, 5.233551521395974
1177.6666666666667, 5.278976297429713
1178.0, 5.230658090970065
1178.3333333333333, 5.204498965030895
1178.6666666666667, 5.152515523051774
1179.0, 5.137459313326461
1179.3333333333333, 5.250349811555089
1179.6666666666667, 5.17925965488674
1180.0, 5.163149818063568
1180.3333333333333, 5.085414094648101
1180.6666666666667, 4.755637568805498
1181.0, 4.803677603334791
1181.3333333333333, 4.900438625253623
1181.6666666666667, 4.832808829482222
1182.0, 4.777764099818859
1182.3333333333333, 4.844819418883773
1182.6666666666667, 4.787255367910813
1183.0, 4.925768987813092
1183.3333333333333, 5.354421226241601
1183.6666666666667, 5.636027650698747
1184.0, 5.735006646642853
1184.3333333333333, 5.690984673886225
1184.6666666666667, 5.650722155665539
1185.0, 5.679004943913528
1185.3333333333333, 5.79555249632284
1185.6666666666667, 5.77770988224494
1186.0, 5.85897159024601
1186.3333333333333, 6.024480949476189
1186.6666666666667, 6.002193595551775
1187.0, 6.099152265898664
1187.3333333333333, 6.281650548244928
1187.6666666666667, 6.3705891580470135
1188.0, 6.58225281467475
1188.3333333333333, 6.803319740626901
1188.6666666666667, 6.808487791508746
1189.0, 6.816754845957945
1189.3333333333333, 6.967511532484075
1189.6666666666667, 6.993543669735418
1190.0, 6.83475187867936
1190.3333333333333, 6.592391529117405
1190.6666666666667, 6.557253805643036
1191.0, 6.63341196997488
1191.3333333333333, 6.700559851496348
1191.6666666666667, 6.76241974365302
1192.0, 6.7910896251839645
1192.3333333333333, 6.857625649436917
1192.6666666666667, 6.7664972691901015
1193.0, 6.60452040467587
1193.3333333333333, 6.677576389578793
1193.6666666666667, 6.726859624576159
1194.0, 6.662181427075782
1194.3333333333333, 6.503364410512377
1194.6666666666667, 6.37259412335157
1195.0, 6.265622823773036
1195.3333333333333, 6.314067071906104
1195.6666666666667, 6.156639755330619
1196.0, 5.981916523776344
1196.3333333333333, 6.008243025306741
1196.6666666666667, 5.830793838016716
1197.0, 5.758421537550015
1197.3333333333333, 5.673757327228747
1197.6666666666667, 5.5826713655182765
1198.0, 5.607919563935796
1198.3333333333333, 5.6337933364918085
1198.6666666666667, 5.612571694957282
1199.0, 5.606934079654656
1199.3333333333333, 5.767044693231576
1199.6666666666667, 5.892662162827222
1200.0, 5.9867977867682995
1200.3333333333333, 5.888442910806057
1200.6666666666667, 5.866661115761393
1201.0, 5.897157010781748
1201.3333333333333, 5.859595129051672
1201.6666666666667, 5.884860915371883
1202.0, 5.836903237071775
1202.3333333333333, 5.813046196436288
1202.6666666666667, 5.799856885021189
1203.0, 5.64942863282276
1203.3333333333333, 5.642914534551707
1203.6666666666667, 5.706328464141032
1204.0, 5.581207543860414
1204.3333333333333, 5.549663888886086
1204.6666666666667, 5.375220310916498
1205.0, 5.172978245045627
1205.3333333333333, 4.989048306510609
1205.6666666666667, 4.990994084613296
1206.0, 4.83294028167718
1206.3333333333333, 4.8047549001149905
1206.6666666666667, 4.662706174414891
1207.0, 4.698231500809323
1207.3333333333333, 4.715347750021332
1207.6666666666667, 4.71397305728977
1208.0, 4.719471485726068
1208.3333333333333, 4.64366548289499
1208.6666666666667, 4.599580815355557
1209.0, 4.716712703548663
1209.3333333333333, 4.85922466375848
1209.6666666666667, 4.8660276760217425
1210.0, 4.867415081973491
1210.3333333333333, 4.772721810244898
1210.6666666666667, 4.731813983645551
1211.0, 4.756063820326862
1211.3333333333333, 4.887143024336804
1211.6666666666667, 5.105542575973425
1212.0, 5.273369659821779
1212.3333333333333, 5.255919545318498
1212.6666666666667, 5.140389990504251
1213.0, 5.113787689417045
1213.3333333333333, 5.15824810710634
1213.6666666666667, 5.27006858139809
1214.0, 5.219452289489736
1214.3333333333333, 5.178121812416614
1214.6666666666667, 5.141397208203068
1215.0, 5.21115908422594
1215.3333333333333, 5.281724722923272
1215.6666666666667, 5.27936740665605
1216.0, 5.202966733452472
1216.3333333333333, 5.216912190582784
1216.6666666666667, 5.158034776836866
1217.0, 5.257526139814122
1217.3333333333333, 5.433073267288005
1217.6666666666667, 5.45108280857725
1218.0, 5.444143293811335
1218.3333333333333, 5.388608232288194
1218.6666666666667, 5.469568081495266
1219.0, 5.5396592767223
1219.3333333333333, 5.916759983988667
1219.6666666666667, 5.940857491316393
1220.0, 5.982165472086341
1220.3333333333333, 5.892335797401094
1220.6666666666667, 5.858902044464329
1221.0, 5.89780115873134
1221.3333333333333, 6.018000017580981
1221.6666666666667, 5.965748932756272
1222.0, 6.098739729246853
1222.3333333333333, 6.198139364920772
1222.6666666666667, 6.121790074527735
1223.0, 6.118987738961652
1223.3333333333333, 6.2738915736277905
1223.6666666666667, 6.266603185133299
1224.0, 6.231501695824208
1224.3333333333333, 6.241018334374546
1224.6666666666667, 6.239134526467584
1225.0, 6.129259164902829
1225.3333333333333, 6.000263768374458
1225.6666666666667, 5.886257390022093
1226.0, 5.62407069396022
1226.3333333333333, 5.766353791620311
1226.6666666666667, 5.60682559989444
1227.0, 5.526432131876126
1227.3333333333333, 5.536095101430095
1227.6666666666667, 5.474253881515328
1228.0, 5.4355019226621835
1228.3333333333333, 5.465919668000549
1228.6666666666667, 5.191838623867046
1229.0, 5.0773387593508925
1229.3333333333333, 5.170286250875528
1229.6666666666667, 5.124685166833211
1230.0, 5.021964036521423
1230.3333333333333, 5.01465802856173
1230.6666666666667, 4.995918997520182
1231.0, 5.120143186732033
1231.3333333333333, 5.193349787761867
1231.6666666666667, 5.238623155341051
1232.0, 5.229161154444209
1232.3333333333333, 5.314881257921443
1232.6666666666667, 5.436338517706609
1233.0, 5.228240509008349
1233.3333333333333, 5.309670503734523
1233.6666666666667, 5.357007204041455
1234.0, 5.427016829146986
1234.3333333333333, 5.414537758535304
1234.6666666666667, 5.419660142319081
1235.0, 5.465047076255839
1235.3333333333333, 5.73630490500488
1235.6666666666667, 5.731737176633442
1236.0, 5.745638148906792
1236.3333333333333, 5.828124577007192
1236.6666666666667, 5.755758578413678
1237.0, 5.802920979774629
1237.3333333333333, 5.8277440319096865
1237.6666666666667, 5.6938249726428705
1238.0, 5.628936953906371
1238.3333333333333, 5.570339383074753
1238.6666666666667, 5.490639699296517
1239.0, 5.488903442976568
1239.3333333333333, 5.378742768033828
1239.6666666666667, 5.326753631823535
1240.0, 5.363073671019894
1240.3333333333333, 5.3316310519828445
1240.6666666666667, 5.198053079879626
1241.0, 5.267948135702239
1241.3333333333333, 5.261927271597544
1241.6666666666667, 5.166150911350319
1242.0, 5.011602452405742
1242.3333333333333, 4.992351441090774
1242.6666666666667, 4.977789752669771
1243.0, 4.939157797028921
1243.3333333333333, 5.077694374461384
1243.6666666666667, 5.090728194957782
1244.0, 5.166616120789387
1244.3333333333333, 5.258270107252366
1244.6666666666667, 5.221313367393597
1245.0, 5.381053304426493
1245.3333333333333, 5.520680256792506
1245.6666666666667, 5.577856226630914
1246.0, 5.800956412177666
1246.3333333333333, 5.8498962013840625
1246.6666666666667, 5.737544316930089
1247.0, 5.717354693595233
1247.3333333333333, 5.803777670619832
1247.6666666666667, 5.696623102116874
1248.0, 5.710917481549141
1248.3333333333333, 5.685853679914007
1248.6666666666667, 5.591629297054979
1249.0, 5.766000901577173
1249.3333333333333, 5.885692707200053
1249.6666666666667, 6.134655827135132
1250.0, 6.111875442024369
1250.3333333333333, 6.056871942247868
1250.6666666666667, 5.880373445455954
1251.0, 5.7009233108148445
1251.3333333333333, 5.817834452048073
1251.6666666666667, 5.805007548485365
1252.0, 5.8291677384006215
1252.3333333333333, 5.685897867640105
1252.6666666666667, 5.359371432155672
1253.0, 5.402639091769085
1253.3333333333333, 5.428656286368296
1253.6666666666667, 5.3863889010172965
1254.0, 5.326399997197049
1254.3333333333333, 5.388997500901218
1254.6666666666667, 5.294449640764129
1255.0, 5.447153623235157
1255.3333333333333, 5.657879658123196
1255.6666666666667, 5.543137354119378
1256.0, 5.454042505506986
1256.3333333333333, 5.1724842802234114
1256.6666666666667, 5.045368765860506
1257.0, 4.996632488342688
1257.3333333333333, 5.02185586337148
1257.6666666666667, 4.97915363421647
1258.0, 4.916621058020416
1258.3333333333333, 4.906349311819158
1258.6666666666667, 4.888134486624334
1259.0, 5.0156306550415515
1259.3333333333333, 5.2067362212212736
1259.6666666666667, 5.217362698035294
1260.0, 5.286545187908635
1260.3333333333333, 5.44224613179347
1260.6666666666667, 5.443594491517048
1261.0, 5.495006791824936
1261.3333333333333, 5.5190342494639495
1261.6666666666667, 5.420193650719863
1262.0, 5.302757486599592
1262.3333333333333, 5.3214454155645345
1262.6666666666667, 5.21219940801066
1263.0, 5.189760771235365
1263.3333333333333, 5.316528970153762
1263.6666666666667, 5.313826823785584
1264.0, 5.39817504923616
1264.3333333333333, 5.480657913860403
1264.6666666666667, 5.439202900772747
1265.0, 5.365802208378115
1265.3333333333333, 5.394918420756265
1265.6666666666667, 5.343492100089821
1266.0, 5.3787948857825985
1266.3333333333333, 5.314887525118857
1266.6666666666667, 5.381572041166235
1267.0, 5.34495070981653
1267.3333333333333, 5.37030362337812
1267.6666666666667, 5.306519910819769
1268.0, 5.331365070664277
1268.3333333333333, 5.311581371581325
1268.6666666666667, 5.210020009651379
1269.0, 5.189713725103471
1269.3333333333333, 5.275150802772224
1269.6666666666667, 5.382395391400339
1270.0, 5.349657478096821
1270.3333333333333, 5.479614957643203
1270.6666666666667, 5.423476865423506
1271.0, 5.562986930216891
1271.3333333333333, 5.711715923772441
1271.6666666666667, 5.87214395809791
1272.0, 5.7376392228001185
1272.3333333333333, 5.701432352927897
1272.6666666666667, 5.473215042982088
1273.0, 5.457112138997456
1273.3333333333333, 5.313064408268523
1273.6666666666667, 5.173166468446816
1274.0, 5.273954445053436
1274.3333333333333, 5.354886729677937
1274.6666666666667, 5.25978236322152
1275.0, 5.2894305122095995
1275.3333333333333, 5.3846008121553295
1275.6666666666667, 5.411100098886058
1276.0, 5.400659249820835
1276.3333333333333, 5.396745655369679
1276.6666666666667, 5.335304113654329
1277.0, 5.2058909406246165
1277.3333333333333, 5.330834187059958
1277.6666666666667, 5.2346086969933285
1278.0, 5.246509020103325
1278.3333333333333, 5.185578341759715
1278.6666666666667, 5.179025907196628
1279.0, 5.091677667252801
1279.3333333333333, 5.196404908758542
1279.6666666666667, 5.188795371941579
1280.0, 5.160040405941972
1280.3333333333333, 5.247100867928677
1280.6666666666667, 5.072605913844307
1281.0, 4.952485526208762
1281.3333333333333, 5.033663360955494
1281.6666666666667, 4.950004769606799
1282.0, 4.884536377927575
1282.3333333333333, 4.851181372943212
1282.6666666666667, 4.77205273585478
1283.0, 4.6584402054274126
1283.3333333333333, 4.713176636446341
1283.6666666666667, 4.728444208141972
1284.0, 4.635368116084288
1284.3333333333333, 4.58948215189041
1284.6666666666667, 4.526850994144097
1285.0, 4.596479212632572
1285.3333333333333, 4.738779661604972
1285.6666666666667, 4.90073844283286
1286.0, 4.956845792827997
1286.3333333333333, 4.933467670581403
1286.6666666666667, 4.991052710088201
1287.0, 5.006003577033532
1287.3333333333333, 5.1299300016505684
1287.6666666666667, 5.146139610552148
1288.0, 5.15864322466624
1288.3333333333333, 5.238961406581376
1288.6666666666667, 5.280377398490821
1289.0, 5.362719719705941
1289.3333333333333, 5.422075581971503
1289.6666666666667, 5.405668660291875
1290.0, 5.372315885468109
1290.3333333333333, 5.449063058743649
1290.6666666666667, 5.42850008749108
1291.0, 5.52701383817625
1291.3333333333333, 5.474927348751047
1291.6666666666667, 5.278429220268803
1292.0, 5.1552748689130805
1292.3333333333333, 5.0604013754511925
1292.6666666666667, 4.896952850829196
1293.0, 4.965808373476621
1293.3333333333333, 4.93232420022494
1293.6666666666667, 4.996272016841879
1294.0, 4.942887056002167
1294.3333333333333, 4.995389981431179
1294.6666666666667, 4.834824780817332
1295.0, 4.789782294940224
1295.3333333333333, 4.738649723483293
1295.6666666666667, 4.542591542382194
1296.0, 4.519566895802228
1296.3333333333333, 4.556620821269012
1296.6666666666667, 4.5956916046733465
1297.0, 4.579498537942123
1297.3333333333333, 4.648134893964383
1297.6666666666667, 4.5643876355574
1298.0, 4.66643817657915
1298.3333333333333, 4.710310531219174
1298.6666666666667, 4.639189461712919
1299.0, 4.567348592466577
1299.3333333333333, 4.6484524663405375
1299.6666666666667, 4.583659141735808
1300.0, 4.672035414711326
1300.3333333333333, 4.590843872286421
1300.6666666666667, 4.511968458402828
1301.0, 4.396987751447408
1301.3333333333333, 4.519818857694245
1301.6666666666667, 4.547729562765218
1302.0, 4.707334848621658
1302.3333333333333, 4.882950459789366
1302.6666666666667, 4.904066293651877
1303.0, 5.07032240128048
1303.3333333333333, 5.084443661589219
1303.6666666666667, 5.0749854022459955
1304.0, 4.996391886543124
1304.3333333333333, 5.1035206443698815
1304.6666666666667, 4.8907787146218515
1305.0, 4.877089310115642
1305.3333333333333, 4.930218539467122
1305.6666666666667, 5.021686181121035
1306.0, 4.970262036025481
1306.3333333333333, 4.961934427050255
1306.6666666666667, 4.810683064581063
1307.0, 4.784623342377275
1307.3333333333333, 4.867353214660758
1307.6666666666667, 4.9260164237708235
1308.0, 5.006641983097697
1308.3333333333333, 4.992979227400254
1308.6666666666667, 4.801823396378365
1309.0, 4.645596062015858
1309.3333333333333, 4.654807921146327
1309.6666666666667, 4.521899311468516
1310.0, 4.561349132229046
1310.3333333333333, 4.579531024318015
1310.6666666666667, 4.531195247019641
1311.0, 4.43179473807173
1311.3333333333333, 4.484413939755798
1311.6666666666667, 4.404228023977593
1312.0, 4.449800316500449
1312.3333333333333, 4.393453027802485
1312.6666666666667, 4.412275742927129
1313.0, 4.494712916219816
1313.3333333333333, 4.5405095275693785
1313.6666666666667, 4.4833747691107515
1314.0, 4.521647393381108
1314.3333333333333, 4.508777377266955
1314.6666666666667, 4.276137907749749
1315.0, 4.13665827585541
1315.3333333333333, 4.208646604446393
1315.6666666666667, 4.1959210755614444
1316.0, 4.138294426444243
1316.3333333333333, 4.117486170506834
1316.6666666666667, 3.8645382416065432
1317.0, 3.7914152077144245
1317.3333333333333, 3.838546276744303
1317.6666666666667, 3.7707275479051647
1318.0, 3.809675635782041
1318.3333333333333, 3.867081907261921
1318.6666666666667, 3.7553456536927223
1319.0, 3.707778294628131
1319.3333333333333, 3.730663990696436
1319.6666666666667, 3.6193144887273414
1320.0, 3.6182654996950077
1320.3333333333333, 3.601750935725119
1320.6666666666667, 3.4820665250046035
1321.0, 3.5234188327992646
1321.3333333333333, 3.6875579304266184
1321.6666666666667, 3.756529229435789
1322.0, 3.743166067916872
1322.3333333333333, 3.758558243476462
1322.6666666666667, 3.7008374591569564
1323.0, 3.644535167974613
1323.3333333333333, 3.820537577916349
1323.6666666666667, 3.80183366072493
1324.0, 3.818348799867961
1324.3333333333333, 3.856225314421491
1324.6666666666667, 3.8813743007858768
1325.0, 3.8868100139165533
1325.3333333333333, 4.0655283119149335
1325.6666666666667, 4.169592739184847
1326.0, 4.298083240027465
1326.3333333333333, 4.355264626940319
1326.6666666666667, 4.4023292732472985
1327.0, 4.523682578960161
1327.3333333333333, 4.620260888775226
1327.6666666666667, 4.639179861935732
1328.0, 4.727363351652339
1328.3333333333333, 4.822849540762387
1328.6666666666667, 4.761212064987257
1329.0, 4.855919907003373
1329.3333333333333, 4.901192984836498
1329.6666666666667, 4.882377872173185
1330.0, 4.915520801533966
1330.3333333333333, 4.907110151946551
1330.6666666666667, 4.79222917881773
1331.0, 4.789069087516197
1331.3333333333333, 4.731386682143604
1331.6666666666667, 4.730061707201903
1332.0, 4.68397163931747
1332.3333333333333, 4.652714184028794
1332.6666666666667, 4.46860676417225
1333.0, 4.422156666431233
1333.3333333333333, 4.392712289810694
1333.6666666666667, 4.325598530361572
1334.0, 4.314043744277054
1334.3333333333333, 4.281699648947143
1334.6666666666667, 4.0798338634157645
1335.0, 4.045074940018614
1335.3333333333333, 4.1276439393356235
1335.6666666666667, 4.048471289339021
1336.0, 4.113329645037869
1336.3333333333333, 4.2205958935882535
1336.6666666666667, 4.05006871417201
1337.0, 4.061768569500982
1337.3333333333333, 4.198941422612889
1337.6666666666667, 4.287669865590706
1338.0, 4.357202052153049
1338.3333333333333, 4.432333198473807
1338.6666666666667, 4.355483609556572
1339.0, 4.366900558434386
1339.3333333333333, 4.456268632627406
1339.6666666666667, 4.471708050125156
1340.0, 4.433628683102582
1340.3333333333333, 4.47428493412736
1340.6666666666667, 4.468257113891461
1341.0, 4.4199240825598105
1341.3333333333333, 4.511547529355125
1341.6666666666667, 4.523627407188512
1342.0, 4.50473380686707
1342.3333333333333, 4.5116558874231085
1342.6666666666667, 4.428637765134793
1343.0, 4.432931104900449
1343.3333333333333, 4.671725466059935
1343.6666666666667, 4.667617863082979
1344.0, 4.594735471651578
1344.3333333333333, 4.5869784718302276
1344.6666666666667, 4.451983364410411
1345.0, 4.440063771696237
1345.3333333333333, 4.495992804519636
1345.6666666666667, 4.536188232201961
1346.0, 4.553990335843004
1346.3333333333333, 4.66149196644086
1346.6666666666667, 4.6320079148504645
1347.0, 4.648694750094863
1347.3333333333333, 4.710933234718822
1347.6666666666667, 4.837284578453076
1348.0, 4.906045573715552
1348.3333333333333, 4.943805794453205
1348.6666666666667, 4.9838680285154
1349.0, 4.973086946722233
1349.3333333333333, 5.027208532885618
1349.6666666666667, 4.995552980931211
1350.0, 4.827870902725616
1350.3333333333333, 4.835082572640625
1350.6666666666667, 4.845487110471732
1351.0, 4.801355777103841
1351.3333333333333, 4.949561459754977
1351.6666666666667, 4.892995405459415
1352.0, 4.916573290506247
1352.3333333333333, 4.861780376373652
1352.6666666666667, 4.758931221217621
1353.0, 4.657666889866525
1353.3333333333333, 4.731988912363734
1353.6666666666667, 4.705925622703576
1354.0, 4.639949403656333
1354.3333333333333, 4.542041022344235
1354.6666666666667, 4.397104941793735
1355.0, 4.342272361338287
1355.3333333333333, 4.364984643282211
1355.6666666666667, 4.465830901478912
1356.0, 4.698151657730849
1356.3333333333333, 4.808970865018685
1356.6666666666667, 4.725461362478006
1357.0, 4.851753828506094
1357.3333333333333, 4.924957877283828
1357.6666666666667, 4.963539931180908
1358.0, 4.970256528392083
1358.3333333333333, 5.06942415079355
1358.6666666666667, 4.9944963800509665
1359.0, 5.013364191182939
1359.3333333333333, 5.059166968368647
1359.6666666666667, 5.1246459688043124
1360.0, 5.209583543466247
1360.3333333333333, 5.314560043108514
1360.6666666666667, 5.563929668056572
1361.0, 5.499259612095387
1361.3333333333333, 5.613660027605146
1361.6666666666667, 5.576266331259288
1362.0, 5.537450465315098
1362.3333333333333, 5.483544082968018
1362.6666666666667, 5.181120771073794
1363.0, 5.014945620534476
1363.3333333333333, 5.132622992770403
1363.6666666666667, 5.006000853970465
1364.0, 5.004781299387792
1364.3333333333333, 5.058494623502403
1364.6666666666667, 4.978298949104762
1365.0, 4.873908036165096
1365.3333333333333, 4.998622364608071
1365.6666666666667, 4.998581556253478
1366.0, 5.216874217760696
1366.3333333333333, 5.361856730735662
1366.6666666666667, 5.21378792100404
1367.0, 5.081642106194128
1367.3333333333333, 4.861485565042303
1367.6666666666667, 4.921669734850082
1368.0, 4.931680088747887
1368.3333333333333, 4.951889365929973
1368.6666666666667, 4.918872665750765
1369.0, 4.914190981581758
1369.3333333333333, 5.098982969471034
1369.6666666666667, 5.218071982772779
1370.0, 5.393721321196943
1370.3333333333333, 5.495107364357527
1370.6666666666667, 5.447632330643248
1371.0, 5.38878678532906
1371.3333333333333, 5.440916127987096
1371.6666666666667, 5.459354323986451
1372.0, 5.406513555687052
1372.3333333333333, 5.434294438287417
1372.6666666666667, 5.256897693037981
1373.0, 5.159205479781424
1373.3333333333333, 5.353640268029973
1373.6666666666667, 5.416453706279347
1374.0, 5.484880817381602
1374.3333333333333, 5.565667959631652
1374.6666666666667, 5.491009380456563
1375.0, 5.5144648006217
1375.3333333333333, 5.58616107268979
1375.6666666666667, 5.555275395152689
1376.0, 5.517013169462702
1376.3333333333333, 5.514638572251458
1376.6666666666667, 5.294811111338207
1377.0, 5.267051073285666
1377.3333333333333, 5.322303995404425
1377.6666666666667, 5.316595878210867
1378.0, 5.405213075223013
1378.3333333333333, 5.4602007083616355
1378.6666666666667, 5.363928224471523
1379.0, 5.325997651879926
1379.3333333333333, 5.412156011545205
1379.6666666666667, 5.40984092947242
1380.0, 5.372534634937269
1380.3333333333333, 5.297343554722405
1380.6666666666667, 5.1250094265375346
1381.0, 5.012231731262086
1381.3333333333333, 5.099824190207868
1381.6666666666667, 5.085783081921093
1382.0, 5.089339108865162
1382.3333333333333, 5.1061024186775
1382.6666666666667, 4.962549730635793
1383.0, 4.940965463692177
1383.3333333333333, 5.062183446425313
1383.6666666666667, 5.070944432533936
1384.0, 5.041052324109069
1384.3333333333333, 5.074341688988024
1384.6666666666667, 4.930627900629821
1385.0, 4.858918953755412
1385.3333333333333, 4.929590088537327
1385.6666666666667, 4.9349674382517
1386.0, 4.898635260929341
1386.3333333333333, 4.8220546784792955
1386.6666666666667, 4.708781819658328
1387.0, 4.791108267689155
1387.3333333333333, 4.925272606895604
1387.6666666666667, 4.962553390525025
1388.0, 4.945654866059821
1388.3333333333333, 5.0592583118471435
1388.6666666666667, 4.963466106181642
1389.0, 4.944408627890152
1389.3333333333333, 5.003179119492622
1389.6666666666667, 5.016488335776769
1390.0, 5.02580860377722
1390.3333333333333, 5.027974785353775
1390.6666666666667, 4.970100752671616
1391.0, 4.941876220393956
1391.3333333333333, 4.939486544533354
1391.6666666666667, 4.941110170913243
1392.0, 4.96224237064708
1392.3333333333333, 4.943145265592155
1392.6666666666667, 4.817611423021406
1393.0, 4.810683823247525
1393.3333333333333, 4.776260819574527
1393.6666666666667, 4.731385615329109
1394.0, 4.7215329304239315
1394.3333333333333, 4.66621345783795
1394.6666666666667, 4.507949154515045
1395.0, 4.305184791326048
1395.3333333333333, 4.325987202475293
1395.6666666666667, 4.348860767599506
1396.0, 4.357568211900623
1396.3333333333333, 4.263525209882372
1396.6666666666667, 4.031328103047365
1397.0, 3.8865960016371566
1397.3333333333333, 3.9255477365413034
1397.6666666666667, 3.834524915161949
1398.0, 3.8117253061570238
1398.3333333333333, 3.7715620505105747
1398.6666666666667, 3.6390835753776343
1399.0, 3.6446600206066435
1399.3333333333333, 3.745251407790577
1399.6666666666667, 3.7310040874597554
1400.0, 3.768228231707012
1400.3333333333333, 3.7259165271949017
1400.6666666666667, 3.5939148430450736
1401.0, 3.5608978978312757
1401.3333333333333, 3.6930939627688915
1401.6666666666667, 3.7934129172048143
1402.0, 3.8243043559260896
1402.3333333333333, 3.802643673594543
1402.6666666666667, 3.7368566581468676
1403.0, 3.6924877617579797
1403.3333333333333, 3.854270712558627
1403.6666666666667, 3.888798856652128
1404.0, 3.9172212974336835
1404.3333333333333, 3.92029765357808
1404.6666666666667, 3.9171232885469607
1405.0, 3.9087382925341023
1405.3333333333333, 4.020798069735349
1405.6666666666667, 4.068649326581394
1406.0, 4.173356520565948
1406.3333333333333, 4.167363973950989
1406.6666666666667, 4.0553351874474775
1407.0, 3.9870410856094116
1407.3333333333333, 4.020611037346106
1407.6666666666667, 4.050805533170618
1408.0, 4.022988178393655
1408.3333333333333, 3.9512206827324086
1408.6666666666667, 3.7905168306601147
1409.0, 3.7334899470105745
1409.3333333333333, 3.6978960887593595
1409.6666666666667, 3.685379577306114
1410.0, 3.69148848924847
1410.3333333333333, 3.7035788313245903
1410.6666666666667, 3.574960457298056
1411.0, 3.523225623737615
1411.3333333333333, 3.5425881870384854
1411.6666666666667, 3.5988097587503516
1412.0, 3.5785169516777415
1412.3333333333333, 3.470085772280709
1412.6666666666667, 3.1684336795881807
1413.0, 3.086170055756875
1413.3333333333333, 3.1785494915807693
1413.6666666666667, 3.3504900141296923
1414.0, 3.486387945182088
1414.3333333333333, 3.5266779047989454
1414.6666666666667, 3.4385697809887814
1415.0, 3.4898491113844905
1415.3333333333333, 3.594238984901332
1415.6666666666667, 3.6141194173769753
1416.0, 3.727763348882628
1416.3333333333333, 3.7807921726495857
1416.6666666666667, 3.7975577971687864
1417.0, 3.8064501885612883
1417.3333333333333, 3.935994913495931
1417.6666666666667, 3.997789307600443
1418.0, 4.032345067641499
1418.3333333333333, 4.009586628216843
1418.6666666666667, 3.9168516987751794
1419.0, 3.886475452946578
1419.3333333333333, 4.012986116334686
1419.6666666666667, 4.092952911288479
1420.0, 4.116228164415604
1420.3333333333333, 3.9805539620971
1420.6666666666667, 3.7986549404162737
1421.0, 3.793532609345155
1421.3333333333333, 3.9194850409099913
1421.6666666666667, 3.8613291859273504
1422.0, 3.918538284979004
1422.3333333333333, 3.956681890187352
1422.6666666666667, 3.814277066062162
1423.0, 3.8673800646532164
1423.3333333333333, 3.851333183849733
1423.6666666666667, 3.842062839462737
1424.0, 3.8160034037568664
1424.3333333333333, 3.7427840362217966
1424.6666666666667, 3.607220616709231
1425.0, 3.548528239413148
1425.3333333333333, 3.6355820068301092
1425.6666666666667, 3.6708700380326498
1426.0, 3.654870638168454
1426.3333333333333, 3.635735017908908
1426.6666666666667, 3.5419392067461013
1427.0, 3.5849975825276656
1427.3333333333333, 3.758474804830415
1427.6666666666667, 3.7578370804237133
1428.0, 3.794916127804393
1428.3333333333333, 3.845031720828242
1428.6666666666667, 3.748257960419399
1429.0, 3.6793855536699196
1429.3333333333333, 3.810116286153408
1429.6666666666667, 3.7742116825626346
1430.0, 3.7702647324452316
1430.3333333333333, 3.7691337187369855
1430.6666666666667, 3.678184692008505
1431.0, 3.722052701124339
1431.3333333333333, 3.8102580680546305
1431.6666666666667, 3.863070381266776
1432.0, 3.891991774880809
1432.3333333333333, 3.8894421330219764
1432.6666666666667, 3.8327902144557613
1433.0, 3.7873389539279243
1433.3333333333333, 3.8762735572138296
1433.6666666666667, 3.8657989957288343
1434.0, 3.7684471875630488
1434.3333333333333, 3.7892801813912818
1434.6666666666667, 3.6583436064348085
1435.0, 3.652756388755912
1435.3333333333333, 3.6972269193043084
1435.6666666666667, 3.788986038773447
1436.0, 3.7553673226860966
1436.3333333333333, 3.7582621076967215
1436.6666666666667, 3.6541605154715375
1437.0, 3.670027765848696
1437.3333333333333, 3.7808138904905904
1437.6666666666667, 3.7854617655108553
1438.0, 3.8488418878351345
1438.3333333333333, 3.917571574271345
1438.6666666666667, 3.8547972057603834
1439.0, 3.959246422360983
1439.3333333333333, 4.050066289762508
1439.6666666666667, 4.143345640761021
1440.0, 4.119197439022176
1440.3333333333333, 4.135825896847616
1440.6666666666667, 4.083020613895825
1441.0, 4.067240465965667
1441.3333333333333, 4.158926519662975
1441.6666666666667, 4.16682922176339
1442.0, 4.219554285729283
1442.3333333333333, 4.194346722620798
1442.6666666666667, 4.213105472991821
1443.0, 4.18330380534225
1443.3333333333333, 4.241200400660899
1443.6666666666667, 4.228322169038426
1444.0, 4.1787583684519785
1444.3333333333333, 4.23728725757564
1444.6666666666667, 4.169906742631649
1445.0, 4.222775030702045
1445.3333333333333, 4.283703291162733
1445.6666666666667, 4.200336593053981
1446.0, 4.213084746073809
1446.3333333333333, 4.1589064139093335
1446.6666666666667, 4.148029149043628
1447.0, 4.1426405118518845
1447.3333333333333, 4.212838650468494
1447.6666666666667, 4.168830838076448
1448.0, 4.15463683691961
1448.3333333333333, 4.158673928778969
1448.6666666666667, 4.037862872711573
1449.0, 4.0087370789882755
1449.3333333333333, 3.9664478167065695
1449.6666666666667, 3.9557101491516433
1450.0, 4.025794432190848
1450.3333333333333, 3.9954834102993844
1450.6666666666667, 3.89187204074571
1451.0, 3.819120823625453
1451.3333333333333, 3.796662525400567
1451.6666666666667, 3.6475917363290202
1452.0, 3.6257176243362688
1452.3333333333333, 3.5827906087757535
1452.6666666666667, 3.4824349950699713
1453.0, 3.4780624508995786
1453.3333333333333, 3.5042217227399832
1453.6666666666667, 3.485870979134178
1454.0, 3.508664826556129
1454.3333333333333, 3.5022650641715196
1454.6666666666667, 3.3886768969809786
1455.0, 3.3257038666812937
1455.3333333333333, 3.39885468017928
1455.6666666666667, 3.4273644421585985
1456.0, 3.509202530849906
1456.3333333333333, 3.557836935845871
1456.6666666666667, 3.4103109584829925
1457.0, 3.4566617894303198
1457.3333333333333, 3.607771295240789
1457.6666666666667, 3.7686335887869866
1458.0, 3.8020364286360304
1458.3333333333333, 3.831667517621306
1458.6666666666667, 3.7949155011624
1459.0, 3.87854981909326
1459.3333333333333, 3.919421157275896
1459.6666666666667, 4.013052078498745
1460.0, 4.072319595024287
1460.3333333333333, 4.13761789810758
1460.6666666666667, 4.0423264198145805
1461.0, 4.119193801072661
1461.3333333333333, 4.1961093175435815
1461.6666666666667, 4.2305638968786665
1462.0, 4.251149680880633
1462.3333333333333, 4.254849309115473
1462.6666666666667, 4.179243252381705
1463.0, 4.222305959080236
1463.3333333333333, 4.370003658037578
1463.6666666666667, 4.371504151123549
1464.0, 4.397395010214232
1464.3333333333333, 4.274685751140691
1464.6666666666667, 4.258869058132555
1465.0, 4.195264425814725
1465.3333333333333, 4.253391865293229
1465.6666666666667, 4.185590446425087
1466.0, 4.172920553528873
1466.3333333333333, 4.118606247578499
1466.6666666666667, 3.9470334839212837
1467.0, 3.856940634610003
1467.3333333333333, 3.9335402883967303
1467.6666666666667, 3.9541880019739324
1468.0, 4.004076066223094
1468.3333333333333, 4.087047124886271
1468.6666666666667, 4.016296704849092
1469.0, 3.989532811309475
1469.3333333333333, 4.040243464440567
1469.6666666666667, 3.939295564622946
1470.0, 3.8867719385864574
1470.3333333333333, 3.848106263554704
1470.6666666666667, 3.703537614512997
1471.0, 3.692462411919665
1471.3333333333333, 3.737310989401172
1471.6666666666667, 3.8369951214387172
1472.0, 3.8104787868500813
1472.3333333333333, 3.830523758022745
1472.6666666666667, 3.8243579608316915
1473.0, 3.7797403851644034
1473.3333333333333, 3.9455530162691894
1473.6666666666667, 3.9648911836650464
1474.0, 3.9715331569073817
1474.3333333333333, 3.911752748150402
1474.6666666666667, 3.8542790089109595
1475.0, 3.8013940952314678
1475.3333333333333, 3.915689711434296
1475.6666666666667, 3.9589839437845926
1476.0, 3.9128203226509877
1476.3333333333333, 4.00911991994872
1476.6666666666667, 3.974597749292294
1477.0, 4.047050665836251
1477.3333333333333, 4.214352664963266
1477.6666666666667, 4.272881827049012
1478.0, 4.245004922164833
1478.3333333333333, 4.223085404980981
1478.6666666666667, 4.15122370135947
1479.0, 4.214312780861941
1479.3333333333333, 4.23715625322084
1479.6666666666667, 4.266693978484319
1480.0, 4.215242696638759
1480.3333333333333, 4.36830029422916
1480.6666666666667, 4.4809799496961755
1481.0, 4.565696150638535
1481.3333333333333, 4.556840116916976
1481.6666666666667, 4.501179246274611
1482.0, 4.437106237632198
1482.3333333333333, 4.448024609586661
1482.6666666666667, 4.382385905134075
1483.0, 4.414245191163749
1483.3333333333333, 4.441798566321831
1483.6666666666667, 4.335959541940243
1484.0, 4.24638294338598
1484.3333333333333, 4.158081267775074
1484.6666666666667, 4.094042444194035
1485.0, 4.042685054371014
1485.3333333333333, 4.074677051656012
1485.6666666666667, 3.9854130246971744
1486.0, 3.978451874251177
1486.3333333333333, 4.011834661033255
1486.6666666666667, 3.978501074174846
1487.0, 3.861125673668939
1487.3333333333333, 3.677980446444306
1487.6666666666667, 3.5147184955751127
1488.0, 3.491907743512158
1488.3333333333333, 3.493324744486433
1488.6666666666667, 3.478735763400999
1489.0, 3.40797681819558
1489.3333333333333, 3.5176390633196717
1489.6666666666667, 3.48345011198287
1490.0, 3.4706692541607267
1490.3333333333333, 3.512079225062253
1490.6666666666667, 3.398565636084
1491.0, 3.447800878119635
1491.3333333333333, 3.5355083297145695
1491.6666666666667, 3.534973504349118
1492.0, 3.53888551781112
1492.3333333333333, 3.7684166209084125
1492.6666666666667, 3.8038220756961314
1493.0, 3.809095998599755
1493.3333333333333, 3.8933342319532107
1493.6666666666667, 3.890645348815135
1494.0, 3.9879169823274987
1494.3333333333333, 4.092215807049048
1494.6666666666667, 4.089023651505111
1495.0, 4.152249258187974
1495.3333333333333, 4.198760074626351
1495.6666666666667, 4.18357434917503
1496.0, 4.112019209004481
1496.3333333333333, 3.9964349660767353
1496.6666666666667, 3.8788215202063063
1497.0, 3.869467500239453
1497.3333333333333, 3.9593144257638686
1497.6666666666667, 3.914421947023486
1498.0, 3.88641325122198
1498.3333333333333, 3.908848909423336
1498.6666666666667, 3.84349943144124
1499.0, 3.60431306326788
1499.3333333333333, 3.5568316727404174
1499.6666666666667, 3.465938217822239
1500.0, 3.388190241121188
1500.3333333333333, 3.355339397045275
1500.6666666666667, 3.2159485099082006
1501.0, 3.1777191638462186
1501.3333333333333, 3.2265615781895924
1501.6666666666667, 3.1940663323066287
1502.0, 3.1760410439210687
1502.3333333333333, 3.219597429272728
1502.6666666666667, 3.200545287298884
1503.0, 3.258064740209959
1503.3333333333333, 3.416216179684896
1503.6666666666667, 3.414933579738863
1504.0, 3.4402702279385338
1504.3333333333333, 3.4730360414258037
1504.6666666666667, 3.4173950327556843
1505.0, 3.435992219616222
1505.3333333333333, 3.5080096748756775
1505.6666666666667, 3.5812425223014075
1506.0, 3.6361002276733823
1506.3333333333333, 3.6700689334487784
1506.6666666666667, 3.6444152745199405
1507.0, 3.658980605934488
1507.3333333333333, 3.763179944064061
1507.6666666666667, 3.8411810060579845
1508.0, 3.8531010182038754
1508.3333333333333, 3.88516162281923
1508.6666666666667, 3.8047286451432827
1509.0, 3.7519513947777803
1509.3333333333333, 3.7985717280173565
1509.6666666666667, 3.767447255782565
1510.0, 3.691261951440116
1510.3333333333333, 3.6950669108864767
1510.6666666666667, 3.6926050302319644
1511.0, 3.6771949707384772
1511.3333333333333, 3.7050075588514084
1511.6666666666667, 3.6339498102147423
1512.0, 3.642613024209182
1512.3333333333333, 3.5892940798828192
1512.6666666666667, 3.4495962712515853
1513.0, 3.418191118324631
1513.3333333333333, 3.430552079093709
1513.6666666666667, 3.45873853929837
1514.0, 3.4602087275398845
1514.3333333333333, 3.405480806511972
1514.6666666666667, 3.318640997326999
1515.0, 3.2747069046960293
1515.3333333333333, 3.297587282297073
1515.6666666666667, 3.317435015089218
1516.0, 3.2738871660363555
1516.3333333333333, 3.301831623414987
1516.6666666666667, 3.23038980067633
1517.0, 3.205091781965396
1517.3333333333333, 3.1672606801283036
1517.6666666666667, 3.112260431166697
1518.0, 3.1216888859532403
1518.3333333333333, 3.1670552416711386
1518.6666666666667, 3.1258995014074555
1519.0, 3.2204298810957335
1519.3333333333333, 3.3416648710489367
1519.6666666666667, 3.3594432392779794
1520.0, 3.3757678268758804
1520.3333333333333, 3.346936909403343
1520.6666666666667, 3.1997984103450063
1521.0, 3.133850024080958
1521.3333333333333, 3.203244308682924
1521.6666666666667, 3.194826327337931
1522.0, 3.279305868899191
1522.3333333333333, 3.2789852266260153
1522.6666666666667, 3.221309200283758
1523.0, 3.2176182483443916
1523.3333333333333, 3.288111279794451
1523.6666666666667, 3.40113647905559
1524.0, 3.4393535473706804
1524.3333333333333, 3.467337092430116
1524.6666666666667, 3.3838738505291084
1525.0, 3.4171133231288495
1525.3333333333333, 3.47871514640716
1525.6666666666667, 3.355218608968457
1526.0, 3.348404781000943
1526.3333333333333, 3.393638798110382
1526.6666666666667, 3.3284513254706782
1527.0, 3.3531518855807563
1527.3333333333333, 3.449741348243897
1527.6666666666667, 3.519950428395699
1528.0, 3.5534117523230067
1528.3333333333333, 3.594503071885079
1528.6666666666667, 3.471195134561603
1529.0, 3.454540554363464
1529.3333333333333, 3.6558901801143735
1529.6666666666667, 3.6420037300894714
1530.0, 3.672867744744748
1530.3333333333333, 3.638119537854551
1530.6666666666667, 3.5496823107578863
1531.0, 3.555931410451902
1531.3333333333333, 3.693263119365226
1531.6666666666667, 3.684975881170419
1532.0, 3.7271754789693583
1532.3333333333333, 3.7555565812096523
1532.6666666666667, 3.6637988260000993
1533.0, 3.594338395165946
1533.3333333333333, 3.6651243893280467
1533.6666666666667, 3.588044090676918
1534.0, 3.626882662557122
1534.3333333333333, 3.6118513484589547
1534.6666666666667, 3.5260408367580816
1535.0, 3.517936585400772
1535.3333333333333, 3.6208215458803097
1535.6666666666667, 3.6155278458768847
1536.0, 3.5288822397211193
1536.3333333333333, 3.5721192256957663
1536.6666666666667, 3.511884983717347
1537.0, 3.4408908058166583
1537.3333333333333, 3.5225731825454267
1537.6666666666667, 3.532850272242771
1538.0, 3.4646321555516217
1538.3333333333333, 3.443397332293982
1538.6666666666667, 3.3444440260453
1539.0, 3.3469422979330536
1539.3333333333333, 3.4443895130561537
1539.6666666666667, 3.4754537149519344
1540.0, 3.4106926340567005
1540.3333333333333, 3.397545043243428
1540.6666666666667, 3.566161245140435
1541.0, 3.4975503443300213
1541.3333333333333, 3.5041031132623517
1541.6666666666667, 3.4603531282415174
1542.0, 3.414402076113082
1542.3333333333333, 3.4121744637409583
1542.6666666666667, 3.302094552922763
1543.0, 3.2502734950303087
1543.3333333333333, 3.2933753887147503
1543.6666666666667, 3.275457156997743
1544.0, 3.3085300785513247
1544.3333333333333, 3.3027669389145062
1544.6666666666667, 3.2454694881930495
1545.0, 3.2289511308455188
1545.3333333333333, 3.279851412593408
1545.6666666666667, 3.242210966036555
1546.0, 3.222487879173289
1546.3333333333333, 3.232805100010799
1546.6666666666667, 3.1799500984768247
1547.0, 3.2045161828805724
1547.3333333333333, 2.9626437869496494
1547.6666666666667, 3.042968398119682
1548.0, 3.0398638901208788
1548.3333333333333, 3.041014736174135
1548.6666666666667, 2.9766244578035637
1549.0, 3.0096196619324354
1549.3333333333333, 3.1038396123114964
1549.6666666666667, 3.1046347619269588
1550.0, 3.096782126385229
1550.3333333333333, 3.117213477363375
1550.6666666666667, 3.0343397716559894
1551.0, 3.0739512590197253
1551.3333333333333, 3.141199317591458
1551.6666666666667, 3.110255033397804
1552.0, 3.1270884641051264
1552.3333333333333, 3.1659175231591368
1552.6666666666667, 3.1331846233638596
1553.0, 3.122134483619152
1553.3333333333333, 3.2652975060709237
1553.6666666666667, 3.269987924187691
1554.0, 3.3332860612738573
1554.3333333333333, 3.374229320554356
1554.6666666666667, 3.3243671245280204
1555.0, 3.351212653435028
1555.3333333333333, 3.4315967134507326
1555.6666666666667, 3.3960765311999404
1556.0, 3.462160050368941
1556.3333333333333, 3.4341134863472917
1556.6666666666667, 3.3908276340086707
1557.0, 3.3594922309386206
1557.3333333333333, 3.350252090536997
1557.6666666666667, 3.273064253191147
1558.0, 3.2717354240378818
1558.3333333333333, 3.384313415092605
1558.6666666666667, 3.2961865840775935
1559.0, 3.302914338706138
1559.3333333333333, 3.340293562879295
1559.6666666666667, 3.29146402439412
1560.0, 3.267506010772329
1560.3333333333333, 3.314689552411212
1560.6666666666667, 3.2267444506010414
1561.0, 3.1352385907913956
1561.3333333333333, 3.234460612484196
1561.6666666666667, 3.24210559979414
1562.0, 3.243389460681749
1562.3333333333333, 3.3059908900548423
1562.6666666666667, 3.16692956309087
1563.0, 3.1941653849996134
1563.3333333333333, 3.1989624449232283
1563.6666666666667, 3.19142443991744
1564.0, 3.2368269591409202
1564.3333333333333, 3.2851653688530953
1564.6666666666667, 3.2400566432869686
1565.0, 3.2056753512597416
1565.3333333333333, 3.2518876438227124
1565.6666666666667, 3.3351716383069094
1566.0, 3.310956886825541
1566.3333333333333, 3.388866933719264
1566.6666666666667, 3.295245592563789
1567.0, 3.281907671769234
1567.3333333333333, 3.328092874388438
1567.6666666666667, 3.313540988793207
1568.0, 3.29489466982148
1568.3333333333333, 3.24508347207273
1568.6666666666667, 3.2098168604143473
1569.0, 3.2753625417195074
1569.3333333333333, 3.4295550295152935
1569.6666666666667, 3.622019602974415
1570.0, 3.763262748227155
1570.3333333333333, 3.9855291415001077
1570.6666666666667, 3.94351338964631
1571.0, 3.9904877284324307
1571.3333333333333, 4.069587525424933
1571.6666666666667, 4.06724698930035
1572.0, 4.152677678802037
1572.3333333333333, 4.089491454671913
1572.6666666666667, 4.070061919541239
1573.0, 4.130636813595726
1573.3333333333333, 4.269265043044136
1573.6666666666667, 4.262611674195407
1574.0, 4.3561553611768
1574.3333333333333, 4.398666814062102
1574.6666666666667, 4.323913708702646
1575.0, 4.311010572063834
1575.3333333333333, 4.327107578240517
1575.6666666666667, 4.260201011179655
1576.0, 4.150745582597933
1576.3333333333333, 3.9570074323574373
1576.6666666666667, 3.796134801919956
1577.0, 3.602855674276917
1577.3333333333333, 3.614586624037173
1577.6666666666667, 3.6547400110457344
1578.0, 3.6425453692057346
1578.3333333333333, 3.6274397556200695
1578.6666666666667, 3.4665125514829094
1579.0, 3.4184428102748265
1579.3333333333333, 3.4393584098168732
1579.6666666666667, 3.343824523544325
1580.0, 3.324426776867073
1580.3333333333333, 3.374340052365164
1580.6666666666667, 3.2651372754923367
1581.0, 3.276217545770302
1581.3333333333333, 3.3345683012261715
1581.6666666666667, 3.343440447916508
1582.0, 3.3882107487446183
1582.3333333333333, 3.3529862016868686
1582.6666666666667, 3.3158023948866506
1583.0, 3.3046424616054417
1583.3333333333333, 3.394917050962396
1583.6666666666667, 3.4184535473919127
1584.0, 3.4835487464339585
1584.3333333333333, 3.345427863683843
1584.6666666666667, 3.3081754172949074
1585.0, 3.3010253601718715
1585.3333333333333, 3.375163307436844
1585.6666666666667, 3.409673234538507
1586.0, 3.4658814472262818
1586.3333333333333, 3.463033168697735
1586.6666666666667, 3.3659314303570484
1587.0, 3.308002768719569
1587.3333333333333, 3.341088342518225
1587.6666666666667, 3.249658051254341
1588.0, 3.28783223003283
1588.3333333333333, 3.338449873055415
1588.6666666666667, 3.2258750049873677
1589.0, 3.3054267413806726
1589.3333333333333, 3.3632580359417887
1589.6666666666667, 3.344090782081519
1590.0, 3.3262448575712975
1590.3333333333333, 3.311911713932659
1590.6666666666667, 3.245742412898159
1591.0, 3.261611410585251
1591.3333333333333, 3.330890716979755
1591.6666666666667, 3.370196572654952
1592.0, 3.4145846623289535
1592.3333333333333, 3.4368344406443945
1592.6666666666667, 3.304854306749887
1593.0, 3.324125950879538
1593.3333333333333, 3.357954824871265
1593.6666666666667, 3.291650417070568
1594.0, 3.307651995293882
1594.3333333333333, 3.356686477546103
1594.6666666666667, 3.236144425017726
1595.0, 3.170840845689342
1595.3333333333333, 3.2233901533891527
1595.6666666666667, 3.185122862045934
1596.0, 3.2016176522200213
1596.3333333333333, 3.2573168867118314
1596.6666666666667, 3.170057109392121
1597.0, 3.1234584307415423
1597.3333333333333, 3.134392309593319
1597.6666666666667, 3.195163248163202
1598.0, 3.194861697951878
1598.3333333333333, 3.1787489054041873
1598.6666666666667, 3.14116789550073
1599.0, 3.0971124650889443
1599.3333333333333, 3.2342706953438585
1599.6666666666667, 3.2010743981044287
1600.0, 3.257387375693871
1600.3333333333333, 3.288890199593852
1600.6666666666667, 3.175459044007622
1601.0, 3.1184995502755473
1601.3333333333333, 3.1960678869739443
1601.6666666666667, 3.2287481939934635
1602.0, 3.2649901842483944
1602.3333333333333, 3.231491314226094
1602.6666666666667, 3.2229066240983877
1603.0, 3.2197592559072525
1603.3333333333333, 3.294703313261787
1603.6666666666667, 3.352961021450645
1604.0, 3.3507329636852576
1604.3333333333333, 3.316825402532235
1604.6666666666667, 3.227939357766683
1605.0, 3.1748964638808506
1605.3333333333333, 3.182588495572722
1605.6666666666667, 3.234607352675917
1606.0, 3.1749379614633577
1606.3333333333333, 3.207822038194737
1606.6666666666667, 3.0968898379106506
1607.0, 3.0972882766826
1607.3333333333333, 3.1828175262221396
1607.6666666666667, 3.2169232417479634
1608.0, 3.2405811734966115
1608.3333333333333, 3.2901766827924845
1608.6666666666667, 3.20331036266535
1609.0, 3.1991374069218397
1609.3333333333333, 3.182509026546613
1609.6666666666667, 3.120840676124754
1610.0, 3.123802622993627
1610.3333333333333, 3.1270631437324186
1610.6666666666667, 3.0963461218414947
1611.0, 3.157602804570261
1611.3333333333333, 3.1930114979699598
1611.6666666666667, 3.190908723417079
1612.0, 3.218013087274906
1612.3333333333333, 3.2331337423418036
1612.6666666666667, 3.231896012711489
1613.0, 3.1875000114925065
1613.3333333333333, 3.218660268769335
1613.6666666666667, 3.2291592333768286
1614.0, 3.2633596415322286
1614.3333333333333, 3.277192784026392
1614.6666666666667, 3.17378047727243
1615.0, 3.093518839883885
1615.3333333333333, 3.19109450599766
1615.6666666666667, 3.1854381374418184
1616.0, 3.2532089389746517
1616.3333333333333, 3.3244897893077185
1616.6666666666667, 3.234722749714451
1617.0, 3.2210273049381373
1617.3333333333333, 3.262698504843699
1617.6666666666667, 3.149784641711337
1618.0, 3.140436044196318
1618.3333333333333, 3.1298077038366725
1618.6666666666667, 3.061001883779557
1619.0, 2.973216229295102
1619.3333333333333, 2.938444957582778
1619.6666666666667, 3.015894116635047
1620.0, 3.118795924700371
1620.3333333333333, 3.1757158311055034
1620.6666666666667, 3.1173264162654553
1621.0, 3.1301181078109916
1621.3333333333333, 3.238301047376575
1621.6666666666667, 3.2973835804624185
1622.0, 3.2750741395549503
1622.3333333333333, 3.2691713306038834
1622.6666666666667, 3.1121966214010426
1623.0, 3.052733313172273
1623.3333333333333, 3.1888033938421887
1623.6666666666667, 3.1764913522786777
1624.0, 3.1504429112493106
1624.3333333333333, 3.228056436250853
1624.6666666666667, 3.168477869883147
1625.0, 3.227271741401367
1625.3333333333333, 3.229591430307822
1625.6666666666667, 3.2279525343162696
1626.0, 3.303563560983605
1626.3333333333333, 3.317609666651527
1626.6666666666667, 3.152489888011698
1627.0, 3.070881193885437
1627.3333333333333, 3.0595228276546695
1627.6666666666667, 3.027206464465605
1628.0, 2.9930627180912586
1628.3333333333333, 2.9604126655612477
1628.6666666666667, 2.8983307871909023
1629.0, 2.890083312530194
1629.3333333333333, 2.9715229441255513
1629.6666666666667, 2.960147348587179
1630.0, 2.925526372471536
1630.3333333333333, 2.913206422179091
1630.6666666666667, 2.953035796140843
1631.0, 2.9576176183663145
1631.3333333333333, 3.0324900045322414
1631.6666666666667, 3.03782371915487
1632.0, 3.0956144085870063
1632.3333333333333, 3.188142953332588
1632.6666666666667, 3.1143051437603884
1633.0, 3.0312158484672542
1633.3333333333333, 3.1480031596703775
1633.6666666666667, 3.179978649415444
1634.0, 3.31358615778628
1634.3333333333333, 3.4699341035959073
1634.6666666666667, 3.5502024448881877
1635.0, 3.644418427032425
1635.3333333333333, 3.7826846640877205
1635.6666666666667, 3.8352567587173736
1636.0, 3.8835666606249424
1636.3333333333333, 3.974249541455561
1636.6666666666667, 3.9581467894100313
1637.0, 4.007966046336266
1637.3333333333333, 3.9908987834379177
1637.6666666666667, 4.014961188230669
1638.0, 4.056357690688659
1638.3333333333333, 4.135275541639621
1638.6666666666667, 4.051539481701265
1639.0, 4.076991785066306
1639.3333333333333, 4.253193964922312
1639.6666666666667, 4.443737430343534
1640.0, 4.53160088132713
1640.3333333333333, 4.56399600346892
1640.6666666666667, 4.463399783475396
1641.0, 4.389269782186958
1641.3333333333333, 4.337645316854802
1641.6666666666667, 4.293954575952007
1642.0, 4.221649224597221
1642.3333333333333, 4.23881002652021
1642.6666666666667, 4.2211533009502435
1643.0, 4.202711363517267
1643.3333333333333, 4.256088142277908
1643.6666666666667, 4.2191520842289885
1644.0, 4.265100034985155
1644.3333333333333, 4.218744797399901
1644.6666666666667, 4.14184714250683
1645.0, 4.037301185017004
1645.3333333333333, 4.052684358179537
1645.6666666666667, 3.969542200434811
1646.0, 3.904979814203756
1646.3333333333333, 3.7873538677394287
1646.6666666666667, 3.6269073498319657
1647.0, 3.637086241956395
1647.3333333333333, 3.62990696795192
1647.6666666666667, 3.6014923210666474
1648.0, 3.6083470943002163
1648.3333333333333, 3.652428594653987
1648.6666666666667, 3.6413214065114383
1649.0, 3.7055392334021526
1649.3333333333333, 3.6996640294197176
1649.6666666666667, 3.6894082369403747
1650.0, 3.74696359561935
1650.3333333333333, 3.822593686916401
1650.6666666666667, 3.749057934361768
1651.0, 3.798371618913729
1651.3333333333333, 3.872271920758673
1651.6666666666667, 3.915715518020124
1652.0, 4.084692273202713
1652.3333333333333, 4.136529792379848
1652.6666666666667, 4.052010134624157
1653.0, 4.0195723870649225
1653.3333333333333, 4.093454201050646
1653.6666666666667, 4.022167475550132
1654.0, 4.118365407829989
1654.3333333333333, 4.202967033961337
1654.6666666666667, 4.215197383379115
1655.0, 4.167050574495812
1655.3333333333333, 4.162973776952669
1655.6666666666667, 4.0425065127237225
1656.0, 4.071773253979424
1656.3333333333333, 4.107205915038673
1656.6666666666667, 3.9766789297048497
1657.0, 4.005433881455348
1657.3333333333333, 4.06300334928256
1657.6666666666667, 4.058577416746923
1658.0, 4.037218260511527
1658.3333333333333, 3.98511820936445
1658.6666666666667, 3.809102252810625
1659.0, 3.799409496501069
1659.3333333333333, 3.8264695822339574
1659.6666666666667, 3.852481735966729
1660.0, 3.9161180833177225
1660.3333333333333, 3.988872115812453
1660.6666666666667, 3.918973002013626
1661.0, 3.848395226265842
1661.3333333333333, 3.8461506753737766
1661.6666666666667, 3.843826517335586
1662.0, 3.8738929211551736
1662.3333333333333, 3.9167602762410128
1662.6666666666667, 3.8423568060804114
1663.0, 3.7928684154821966
1663.3333333333333, 3.884962268687861
1663.6666666666667, 3.7592590469105787
1664.0, 3.7860480515271933
1664.3333333333333, 3.81689984629097
1664.6666666666667, 3.6999498171020675
1665.0, 3.738108636424319
1665.3333333333333, 3.7659625363040554
1665.6666666666667, 3.725802991925221
1666.0, 3.6908498590386594
1666.3333333333333, 3.6650124576411818
1666.6666666666667, 3.5635035884837682
1667.0, 3.5504181924024087
1667.3333333333333, 3.5815559199699614
1667.6666666666667, 3.5963144627288757
1668.0, 3.6666925071868683
1668.3333333333333, 3.668264421657829
1668.6666666666667, 3.6194067350251737
1669.0, 3.6548072581868025
1669.3333333333333, 3.8251942283633418
1669.6666666666667, 3.943267490044905
1670.0, 3.9225218325745574
1670.3333333333333, 4.033116123936163
1670.6666666666667, 3.9387492038251217
1671.0, 3.9332804565152726
1671.3333333333333, 4.199067076844181
1671.6666666666667, 4.270858964461656
1672.0, 4.3740616357197535
1672.3333333333333, 4.474367860324448
1672.6666666666667, 4.621418457278426
1673.0, 4.631966399287758
1673.3333333333333, 4.69424025716616
1673.6666666666667, 4.732992553327906
1674.0, 4.82845642275408
1674.3333333333333, 4.919942752528348
1674.6666666666667, 4.8503098455708535
1675.0, 4.853013455788286
1675.3333333333333, 4.902992149095533
1675.6666666666667, 4.862222426519421
1676.0, 4.742921411503574
1676.3333333333333, 4.654094714841028
1676.6666666666667, 4.587134502725979
1677.0, 4.561922018133677
1677.3333333333333, 4.688901066681509
1677.6666666666667, 4.606946243773818
1678.0, 4.478412139423598
1678.3333333333333, 4.365177485717387
1678.6666666666667, 4.197771191013314
1679.0, 4.072318707904867
1679.3333333333333, 3.935412698520281
1679.6666666666667, 3.8581066118120666
1680.0, 3.8503695524566437
1680.3333333333333, 3.829751397168862
1680.6666666666667, 3.6820362728974927
1681.0, 3.5643578961908133
1681.3333333333333, 3.5625251027688956
1681.6666666666667, 3.506766519106999
1682.0, 3.572163374679539
1682.3333333333333, 3.613048111051884
1682.6666666666667, 3.605306295473029
1683.0, 3.655345233680092
1683.3333333333333, 3.687608498234291
1683.6666666666667, 3.6471933288239646
1684.0, 3.571678405461873
1684.3333333333333, 3.574945446258714
1684.6666666666667, 3.5018853928838256
1685.0, 3.479776455498058
1685.3333333333333, 3.600342754976218
1685.6666666666667, 3.668880142478462
1686.0, 3.744647777727402
1686.3333333333333, 3.889448769790029
1686.6666666666667, 3.7994495364469087
1687.0, 3.739522388963395
1687.3333333333333, 3.7613103437731645
1687.6666666666667, 3.780487528912773
1688.0, 3.8075005853610273
1688.3333333333333, 3.9882601810902534
1688.6666666666667, 3.8441436035215597
1689.0, 3.814071481333959
1689.3333333333333, 3.852187043986336
1689.6666666666667, 3.7692263399465653
1690.0, 3.757875023954932
1690.3333333333333, 3.792460481737181
1690.6666666666667, 3.739601335319186
1691.0, 3.7051476171301787
1691.3333333333333, 3.754351714299728
1691.6666666666667, 3.776710145812981
1692.0, 3.7592669186803214
1692.3333333333333, 3.752380991738284
1692.6666666666667, 3.6725414750429204
1693.0, 3.561670483741261
1693.3333333333333, 3.6255630862880226
1693.6666666666667, 3.6939605206932433
1694.0, 3.7683327482441564
1694.3333333333333, 3.7241188251774027
1694.6666666666667, 3.619054798183247
1695.0, 3.4225379409955643
1695.3333333333333, 3.518079034619889
1695.6666666666667, 3.466240044607313
1696.0, 3.5010676478519853
1696.3333333333333, 3.5377203018185552
1696.6666666666667, 3.47362263924242
1697.0, 3.5133944305331264
1697.3333333333333, 3.5646968894735367
1697.6666666666667, 3.5912603606215674
1698.0, 3.6522175613578844
1698.3333333333333, 3.6502512522361954
1698.6666666666667, 3.5523704661396636
1699.0, 3.4706155489470047
1699.3333333333333, 3.4607926874986163
1699.6666666666667, 3.497047556358191
1700.0, 3.5402086647859328
1700.3333333333333, 3.6252931084382114
1700.6666666666667, 3.54849657959558
1701.0, 3.564703630459089
1701.3333333333333, 3.609755897523987
1701.6666666666667, 3.611730652262968
1702.0, 3.62441446354781
1702.3333333333333, 3.609815192589488
1702.6666666666667, 3.483607196568289
1703.0, 3.733103872583295
1703.3333333333333, 3.876021402487239
1703.6666666666667, 3.9003893061032167
1704.0, 3.9202552857134947
1704.3333333333333, 3.9563986845194785
1704.6666666666667, 3.8325177087497564
1705.0, 3.8191110741991436
1705.3333333333333, 3.936863514279272
1705.6666666666667, 3.948429245863614
1706.0, 4.0112379714799316
1706.3333333333333, 3.981022783930667
1706.6666666666667, 3.8805988851872604
1707.0, 3.8029657237666235
1707.3333333333333, 3.8060848510647203
1707.6666666666667, 3.7701325885168293
1708.0, 3.9368580000366356
1708.3333333333333, 3.952601358913894
1708.6666666666667, 3.86779748541881
1709.0, 3.9082224999151705
1709.3333333333333, 3.988222594979567
1709.6666666666667, 3.739378920769709
1710.0, 3.7317054557375187
1710.3333333333333, 3.6238170517000037
1710.6666666666667, 3.6283727558019825
1711.0, 3.6563626533993046
1711.3333333333333, 3.69072962265425
1711.6666666666667, 3.68626785362934
1712.0, 3.6469297474420137
1712.3333333333333, 3.6923956187557847
1712.6666666666667, 3.6969010701177845
1713.0, 3.7289037715285693
1713.3333333333333, 3.723419051039541
1713.6666666666667, 3.691733821362387
1714.0, 3.691664805939665
1714.3333333333333, 3.739419696231812
1714.6666666666667, 3.5650481408402888
1715.0, 3.5621872657055365
1715.3333333333333, 3.6322633766511183
1715.6666666666667, 3.6413821748304707
1716.0, 3.6321629808065197
1716.3333333333333, 3.7185676391902063
1716.6666666666667, 3.6615061171618457
1717.0, 3.6788981026237373
1717.3333333333333, 3.668550307288114
1717.6666666666667, 3.6462022394885443
1718.0, 3.6648836261694435
1718.3333333333333, 3.7214853286800365
1718.6666666666667, 3.6837214628683403
1719.0, 3.697264221303628
1719.3333333333333, 3.6329408176107756
1719.6666666666667, 3.6407648626948537
1720.0, 3.7103333172316426
1720.3333333333333, 3.7042899611967477
1720.6666666666667, 3.627732120961542
1721.0, 3.616569800884908
1721.3333333333333, 3.641000078000734
1721.6666666666667, 3.6752965732743883
1722.0, 3.7142706027894823
1722.3333333333333, 3.775554298132218
1722.6666666666667, 3.714007735909764
1723.0, 3.610155145407181
1723.3333333333333, 3.6245278519871014
1723.6666666666667, 3.6646530652826725
1724.0, 3.695887061065041
1724.3333333333333, 3.7145266550576665
1724.6666666666667, 3.633083706443847
1725.0, 3.619755667931707
1725.3333333333333, 3.7005124647775576
1725.6666666666667, 3.6605018524129407
1726.0, 3.690530993187123
1726.3333333333333, 3.692944359183367
1726.6666666666667, 3.6093131661274214
1727.0, 3.619150076762879
1727.3333333333333, 3.714895305337566
1727.6666666666667, 3.695846968743157
1728.0, 3.726053562235949
1728.3333333333333, 3.7956171279344075
1728.6666666666667, 3.684145935757577
1729.0, 3.6096694096105173
1729.3333333333333, 3.6612811584545115
1729.6666666666667, 3.6198558214127914
1730.0, 3.6278766175814794
1730.3333333333333, 3.592508414489013
1730.6666666666667, 3.5052160788377575
1731.0, 3.4486110595068915
1731.3333333333333, 3.5459441406656316
1731.6666666666667, 3.5254780748164345
1732.0, 3.5161118202968935
1732.3333333333333, 3.5000562576970404
1732.6666666666667, 3.494584798339345
1733.0, 3.4723434135134505
1733.3333333333333, 3.5804958967907523
1733.6666666666667, 3.632007048020328
1734.0, 3.601691471637018
1734.3333333333333, 3.6212410874565832
1734.6666666666667, 3.489702490793423
1735.0, 3.3922331090315594
1735.3333333333333, 3.46306118895829
1735.6666666666667, 3.494137593363493
1736.0, 3.5617260247951052
1736.3333333333333, 3.668319552219649
1736.6666666666667, 3.593121802897825
1737.0, 3.547521693573696
1737.3333333333333, 3.622034493342791
1737.6666666666667, 3.6758562535218937
1738.0, 3.7131123575922516
1738.3333333333333, 3.817491106086552
1738.6666666666667, 3.699945864410263
1739.0, 3.734257854760686
1739.3333333333333, 3.7526798301907798
1739.6666666666667, 3.751033884236702
1740.0, 3.7808770081129666
1740.3333333333333, 3.769768959615944
1740.6666666666667, 3.7693193156819618
1741.0, 3.782084365216414
1741.3333333333333, 3.896505329608478
1741.6666666666667, 3.9114812148867335
1742.0, 3.899162118092838
1742.3333333333333, 3.8959465399545676
1742.6666666666667, 3.7627145853688004
1743.0, 3.693489743186357
1743.3333333333333, 3.7970253982003412
1743.6666666666667, 3.8026451708713696
1744.0, 3.813221123801111
1744.3333333333333, 3.771727902913638
1744.6666666666667, 3.7090691097693402
1745.0, 3.6311242371265484
1745.3333333333333, 3.825209582974788
1745.6666666666667, 3.9567383729866905
1746.0, 3.97387586745121
1746.3333333333333, 3.956022668955595
1746.6666666666667, 3.809871092454889
1747.0, 3.784765868809501
1747.3333333333333, 3.766377487999997
1747.6666666666667, 3.7200571232730626
1748.0, 3.715173756843935
1748.3333333333333, 3.7347707198500992
1748.6666666666667, 3.6247787483327594
1749.0, 3.5970729503147583
1749.3333333333333, 3.6801145564038515
1749.6666666666667, 3.660159436881364
1750.0, 3.6788544607849643
1750.3333333333333, 3.7506379920294095
1750.6666666666667, 3.6768421617488904
1751.0, 3.6254470340547456
1751.3333333333333, 3.656828902406116
1751.6666666666667, 3.6474246506634502
1752.0, 3.5081598537234866
1752.3333333333333, 3.4195473392607547
1752.6666666666667, 3.351058058154608
1753.0, 3.356673556918744
1753.3333333333333, 3.528008909349642
1753.6666666666667, 3.457175094757293
1754.0, 3.559795153267113
1754.3333333333333, 3.5848483155123825
1754.6666666666667, 3.505167926790289
1755.0, 3.4547066203473777
1755.3333333333333, 3.6010379390553346
1755.6666666666667, 3.621390284345779
1756.0, 3.63895324414552
1756.3333333333333, 3.700399315727842
1756.6666666666667, 3.5835837491384006
1757.0, 3.5074025971261427
1757.3333333333333, 3.564384199424299
1757.6666666666667, 3.6467711847587965
1758.0, 3.6449615663908226
1758.3333333333333, 3.669669676412591
1758.6666666666667, 3.6428322994662965
1759.0, 3.6313403939896824
1759.3333333333333, 3.6966800537992874
1759.6666666666667, 3.77131289005696
1760.0, 3.717606399856791
1760.3333333333333, 3.716064348329387
1760.6666666666667, 3.5605650031559106
1761.0, 3.532533018406049
1761.3333333333333, 3.641059178544019
1761.6666666666667, 3.6713777334739803
1762.0, 3.614689172813759
1762.3333333333333, 3.565870669142737
1762.6666666666667, 3.4308617055795154
1763.0, 3.4022667580162427
1763.3333333333333, 3.4722025459332677
1763.6666666666667, 3.6321377426443684
1764.0, 3.756971255570029
1764.3333333333333, 3.8532667007335313
1764.6666666666667, 3.8224518756113044
1765.0, 3.8768231221098213
1765.3333333333333, 3.9646929906877517
1765.6666666666667, 3.926054118933352
1766.0, 3.9808315128882628
1766.3333333333333, 4.06130741747071
1766.6666666666667, 3.997131532707376
1767.0, 4.060582326337384
1767.3333333333333, 4.267795423992569
1767.6666666666667, 4.3425256082694235
1768.0, 4.354684747656972
1768.3333333333333, 4.3952126137946
1768.6666666666667, 4.327442788163258
1769.0, 4.467317150326504
1769.3333333333333, 4.560741896994111
1769.6666666666667, 4.559558926957258
1770.0, 4.504087473128144
1770.3333333333333, 4.375883240632762
1770.6666666666667, 4.141387855555761
1771.0, 4.012805348225497
1771.3333333333333, 4.020806733355256
1771.6666666666667, 3.997054857608228
1772.0, 3.915392471666209
1772.3333333333333, 3.9615380101372866
1772.6666666666667, 3.8003252683122213
1773.0, 3.598128582242262
1773.3333333333333, 3.6336778898965205
1773.6666666666667, 3.6208101437347535
1774.0, 3.4837387206584607
1774.3333333333333, 3.427396194518824
1774.6666666666667, 3.3099309997399793
1775.0, 3.233636284306249
1775.3333333333333, 3.3312579522784738
1775.6666666666667, 3.223614308841357
1776.0, 3.2755719731385766
1776.3333333333333, 3.2929521649181543
1776.6666666666667, 3.2470073019232024
1777.0, 3.281915315203224
1777.3333333333333, 3.360688510985048
1777.6666666666667, 3.35248460171042
1778.0, 3.414099435759801
1778.3333333333333, 3.4500016335277017
1778.6666666666667, 3.496992175073431
1779.0, 3.5012534888797484
1779.3333333333333, 3.5851577940923756
1779.6666666666667, 3.7289093336276027
1780.0, 3.7260661942415796
1780.3333333333333, 3.747347292814608
1780.6666666666667, 3.7146149966179607
1781.0, 3.771324281038285
1781.3333333333333, 3.909912414262282
1781.6666666666667, 3.9768156753475687
1782.0, 3.9682454634093767
1782.3333333333333, 4.060957553663008
1782.6666666666667, 3.9950712026974635
1783.0, 4.003920909726174
1783.3333333333333, 4.168544433230062
1783.6666666666667, 4.195989109894777
1784.0, 4.209818856710734
1784.3333333333333, 4.295848894765014
1784.6666666666667, 4.149114029797921
1785.0, 4.036035962090675
1785.3333333333333, 4.072922346642793
1785.6666666666667, 4.0126503080742495
1786.0, 4.064726795225915
1786.3333333333333, 3.9930705269021787
1786.6666666666667, 3.9347593799386225
1787.0, 3.911090038216004
1787.3333333333333, 3.9610047219563995
1787.6666666666667, 3.976364490801269
1788.0, 3.942473415498246
1788.3333333333333, 3.981551160757359
1788.6666666666667, 3.9172759318584403
1789.0, 3.8057567330604143
1789.3333333333333, 3.8107404006404364
1789.6666666666667, 3.7640301269381453
1790.0, 3.7180097101126095
1790.3333333333333, 3.674734379406906
1790.6666666666667, 3.6036130282619387
1791.0, 3.5032032508424473
1791.3333333333333, 3.5487159030454274
1791.6666666666667, 3.4961368987551182
1792.0, 3.4852671569343805
1792.3333333333333, 3.4853413012330385
1792.6666666666667, 3.340038615385436
1793.0, 3.345788069783705
1793.3333333333333, 3.4065615647737837
1793.6666666666667, 3.3812991156253234
1794.0, 3.38764947129526
1794.3333333333333, 3.380571035798713
1794.6666666666667, 3.3642055440232363
1795.0, 3.3015068614060157
1795.3333333333333, 3.358253729520134
1795.6666666666667, 3.375056298169942
1796.0, 3.375154508160724
1796.3333333333333, 3.3922994653769103
1796.6666666666667, 3.3020397593668243
1797.0, 3.2689131833215597
1797.3333333333333, 3.3450336378222167
1797.6666666666667, 3.358274525864205
1798.0, 3.516495488119957
1798.3333333333333, 3.6029401196746376
1798.6666666666667, 3.537769474144704
1799.0, 3.5053855049401674
1799.3333333333333, 3.6005416929961216
1799.6666666666667, 3.608871502069435
1800.0, 3.6367627543592236
1800.3333333333333, 3.6550815045492717
1800.6666666666667, 3.544768528495104
1801.0, 3.4585219465982933
1801.3333333333333, 3.4762964140291017
1801.6666666666667, 3.464023446337167
1802.0, 3.436158816700117
1802.3333333333333, 3.414337814569534
1802.6666666666667, 3.300343294054952
1803.0, 3.271847350170769
1803.3333333333333, 3.329074773897395
1803.6666666666667, 3.366994133708409
1804.0, 3.4153515302542017
1804.3333333333333, 3.484482242955692
1804.6666666666667, 3.3619093646471683
1805.0, 3.3655464145367766
1805.3333333333333, 3.482825004672855
1805.6666666666667, 3.5837930663729054
1806.0, 3.628765452784227
1806.3333333333333, 3.6309280756852536
1806.6666666666667, 3.5183002690370095
1807.0, 3.563065536195027
1807.3333333333333, 3.807895133167789
1807.6666666666667, 3.909794551968928
1808.0, 3.898943267662755
1808.3333333333333, 4.001584693775595
1808.6666666666667, 3.9603992786349416
1809.0, 4.014270324217594
1809.3333333333333, 4.114729054401858
1809.6666666666667, 4.092524577374443
1810.0, 4.141414772640934
1810.3333333333333, 4.140440615334123
1810.6666666666667, 4.015383610727712
1811.0, 3.937347488602044
1811.3333333333333, 3.9716908456332227
1811.6666666666667, 3.9568301815646714
1812.0, 3.9353935905525774
1812.3333333333333, 3.8894416782163006
1812.6666666666667, 3.770835384138229
1813.0, 3.8681664278127874
1813.3333333333333, 3.9200217329756013
1813.6666666666667, 3.8810215774873122
1814.0, 3.761911186399872
1814.3333333333333, 3.7087632103054764
1814.6666666666667, 3.642501154829514
1815.0, 3.510935419148941
1815.3333333333333, 3.5714845494000196
1815.6666666666667, 3.5463779690766395
1816.0, 3.6328952097264944
1816.3333333333333, 3.7284603729637453
1816.6666666666667, 3.6794317042057587
1817.0, 3.736357444554224
1817.3333333333333, 3.7912818892778235
1817.6666666666667, 3.7937424933717283
1818.0, 3.823630149781805
1818.3333333333333, 3.814879926343005
1818.6666666666667, 3.7389651548086027
1819.0, 3.7848342192862
1819.3333333333333, 3.862522253667959
1819.6666666666667, 3.7086599554065662
1820.0, 3.820494883122433
1820.3333333333333, 3.855142151108411
1820.6666666666667, 3.805747930929344
1821.0, 3.766853041037918
1821.3333333333333, 3.7811374236794166
1821.6666666666667, 3.8454684908601755
1822.0, 3.835977023781939
1822.3333333333333, 3.8421687565202647
1822.6666666666667, 3.7675212496723973
1823.0, 3.7538378708559366
1823.3333333333333, 3.7586668840102795
1823.6666666666667, 3.772928894378758
1824.0, 3.8107895580006224
1824.3333333333333, 3.8293695255049607
1824.6666666666667, 3.7527810073913637
1825.0, 3.7547508567136156
1825.3333333333333, 3.8173265209009877
1825.6666666666667, 3.7421387802986494
1826.0, 3.839962090909816
1826.3333333333333, 3.8678355879578312
1826.6666666666667, 3.722595247577447
1827.0, 3.6754827698094603
1827.3333333333333, 3.723809417677554
1827.6666666666667, 3.8417211200535797
1828.0, 3.908579559508078
1828.3333333333333, 4.057452257009977
1828.6666666666667, 3.9727784073169703
1829.0, 3.948619375685168
1829.3333333333333, 4.070966052754395
1829.6666666666667, 4.003723476057663
1830.0, 4.018131538716367
1830.3333333333333, 3.9620427421568527
1830.6666666666667, 3.854973061457072
1831.0, 3.812207641269827
1831.3333333333333, 3.7722441032139598
1831.6666666666667, 3.7398263546629806
1832.0, 3.724565850766273
1832.3333333333333, 3.7572099257660034
1832.6666666666667, 3.6250301204591118
1833.0, 3.63202978880208
1833.3333333333333, 3.681739388308067
1833.6666666666667, 3.6542645939568303
1834.0, 3.6272991719604812
1834.3333333333333, 3.539406218562018
1834.6666666666667, 3.440789397895098
1835.0, 3.299823245348017
1835.3333333333333, 3.3761606441506316
1835.6666666666667, 3.3330714254885914
1836.0, 3.248656981656706
1836.3333333333333, 3.2545950167939752
1836.6666666666667, 3.166291292585347
1837.0, 3.131750593676217
1837.3333333333333, 3.2244171997030286
1837.6666666666667, 3.2579711030029337
1838.0, 3.4097630798345464
1838.3333333333333, 3.508362167901216
1838.6666666666667, 3.447706004587687
1839.0, 3.444396425228578
1839.3333333333333, 3.4715187819137254
1839.6666666666667, 3.4303616534938977
1840.0, 3.474566160636128
1840.3333333333333, 3.522650063296014
1840.6666666666667, 3.461664536889638
1841.0, 3.429985603689275
1841.3333333333333, 3.504134537575871
1841.6666666666667, 3.4914506521221136
1842.0, 3.495425188542157
1842.3333333333333, 3.629041166351614
1842.6666666666667, 3.586477575167448
1843.0, 3.6419446522608867
1843.3333333333333, 3.7215419831269507
1843.6666666666667, 3.7517997075448535
1844.0, 3.7939691970165073
1844.3333333333333, 3.8376242992265945
1844.6666666666667, 3.7325367111639047
1845.0, 3.7070894486325203
1845.3333333333333, 3.81290587100251
1845.6666666666667, 3.8110800730605034
1846.0, 3.8210056933031433
1846.3333333333333, 3.9083891199373717
1846.6666666666667, 3.8191493800454466
1847.0, 3.8134879942425437
1847.3333333333333, 3.9091589050207936
1847.6666666666667, 3.9178461475924395
1848.0, 3.9371715355588095
1848.3333333333333, 3.988527409812826
1848.6666666666667, 3.9671954280086217
1849.0, 3.942327090188427
1849.3333333333333, 3.983138000127167
1849.6666666666667, 3.917305853358022
1850.0, 3.915048154853406
1850.3333333333333, 3.8921990509481015
1850.6666666666667, 3.817266265623475
1851.0, 3.782685775391722
1851.3333333333333, 3.7802637577538887
1851.6666666666667, 3.730432250850364
1852.0, 3.7094504769307477
1852.3333333333333, 3.7644501586608725
1852.6666666666667, 3.689582081518997
1853.0, 3.7166820734874504
1853.3333333333333, 3.80485670605392
1853.6666666666667, 3.761559034878085
1854.0, 3.724265493844899
1854.3333333333333, 3.7512962114310566
1854.6666666666667, 3.6792978596018253
1855.0, 3.719768985077863
1855.3333333333333, 3.749185367347162
1855.6666666666667, 3.660604308769031
1856.0, 3.6742848674880135
1856.3333333333333, 3.7689376952437805
1856.6666666666667, 3.697483162371243
1857.0, 3.697928301867374
1857.3333333333333, 3.709286387228283
1857.6666666666667, 3.7121068755356235
1858.0, 3.8275493400106178
1858.3333333333333, 3.9011135443923712
1858.6666666666667, 3.8175047683906422
1859.0, 3.729328564309095
1859.3333333333333, 3.8014200229073944
1859.6666666666667, 3.6692784073142284
1860.0, 3.690359797669786
1860.3333333333333, 3.7697252846948075
1860.6666666666667, 3.7970604458232744
1861.0, 3.8157180453721153
1861.3333333333333, 3.813910480318827
1861.6666666666667, 3.7131977782628924
1862.0, 3.7671280425626215
1862.3333333333333, 3.892797504330199
1862.6666666666667, 3.8125300173074606
1863.0, 3.748381819325308
1863.3333333333333, 3.8098718397703877
1863.6666666666667, 3.817293681636829
1864.0, 3.9322964055498453
1864.3333333333333, 3.919082642529667
1864.6666666666667, 3.7726867828191915
1865.0, 3.7370586677014517
1865.3333333333333, 3.769962545728505
1865.6666666666667, 3.8351551113848457
1866.0, 3.892123859089908
1866.3333333333333, 3.9461661735014615
1866.6666666666667, 3.9831096963303145
1867.0, 3.954505755127232
1867.3333333333333, 3.9778761508221363
1867.6666666666667, 4.034980906411997
1868.0, 4.258149106608959
1868.3333333333333, 4.363156143624189
1868.6666666666667, 4.3716269486079895
1869.0, 4.30003415593192
1869.3333333333333, 4.382321489618913
1869.6666666666667, 4.328316185488715
1870.0, 4.3425477204028
1870.3333333333333, 4.311132629004083
1870.6666666666667, 4.164028787580204
1871.0, 4.12210725159023
1871.3333333333333, 4.189871782508655
1871.6666666666667, 4.139521399378049
1872.0, 4.224963777057925
1872.3333333333333, 4.443506487937198
1872.6666666666667, 4.316147583456641
1873.0, 4.324207524912558
1873.3333333333333, 4.261192654274405
1873.6666666666667, 4.217907922711492
1874.0, 4.199369927471684
1874.3333333333333, 4.145284698835359
1874.6666666666667, 4.036409667195791
1875.0, 3.883354982690252
1875.3333333333333, 3.8743626806267004
1875.6666666666667, 3.8607487393016164
1876.0, 3.8332439212143625
1876.3333333333333, 3.854213395136393
1876.6666666666667, 3.7902042346687317
1877.0, 3.7911921767075483
1877.3333333333333, 3.87497306231594
1877.6666666666667, 3.9421572489797043
1878.0, 3.949533014147465
1878.3333333333333, 3.9784290190418843
1878.6666666666667, 3.8670875472683113
1879.0, 3.61129626186895
1879.3333333333333, 3.6907650250021384
1879.6666666666667, 3.7038543177839216
1880.0, 3.661659680524403
1880.3333333333333, 3.7321955395236373
1880.6666666666667, 3.653403835310344
1881.0, 3.6141369849300036
1881.3333333333333, 3.5883725803713844
1881.6666666666667, 3.6170065195072767
1882.0, 3.578410041365087
1882.3333333333333, 3.5875440393282134
1882.6666666666667, 3.5521724749477466
1883.0, 3.640383077546417
1883.3333333333333, 3.6652400000248364
1883.6666666666667, 3.623232538202712
1884.0, 3.5772148506521075
1884.3333333333333, 3.582615272825083
1884.6666666666667, 3.5366104853143034
1885.0, 3.526869697525514
1885.3333333333333, 3.535093425362637
1885.6666666666667, 3.582821005726634
1886.0, 3.5719153862299478
1886.3333333333333, 3.6227950957658037
1886.6666666666667, 3.6391796707594017
1887.0, 3.5421634063357743
1887.3333333333333, 3.595661755050719
1887.6666666666667, 3.582194638941664
1888.0, 3.5505309736173
1888.3333333333333, 3.6038002573917574
1888.6666666666667, 3.531442822372121
1889.0, 3.469627090117366
1889.3333333333333, 3.445807703491302
1889.6666666666667, 3.367864138040808
1890.0, 3.392424694836727
1890.3333333333333, 3.495429875903168
1890.6666666666667, 3.443487623193343
1891.0, 3.4114018966277877
1891.3333333333333, 3.3988018317486572
1891.6666666666667, 3.349942811238806
1892.0, 3.4268331165208785
1892.3333333333333, 3.4431234927733336
1892.6666666666667, 3.3570116326293773
1893.0, 3.2763133590080975
1893.3333333333333, 3.3109954933288015
1893.6666666666667, 3.3420817002527543
1894.0, 3.3960721666636227
1894.3333333333333, 3.4483425216670343
1894.6666666666667, 3.4183536230313742
1895.0, 3.371492512648382
1895.3333333333333, 3.469597041183287
1895.6666666666667, 3.4793515584406607
1896.0, 3.5364235329272455
1896.3333333333333, 3.554936782000607
1896.6666666666667, 3.4854090476100885
1897.0, 3.4416266231089017
1897.3333333333333, 3.4972622799878588
1897.6666666666667, 3.4968842744339597
1898.0, 3.530750129584024
1898.3333333333333, 3.6035890866538174
1898.6666666666667, 3.523337228319389
1899.0, 3.508267150807163
1899.3333333333333, 3.572802936364192
1899.6666666666667, 3.5631546994055547
1900.0, 3.5243336116606065
1900.3333333333333, 3.583959554721936
1900.6666666666667, 3.5014776375308463
1901.0, 3.452546525828845
1901.3333333333333, 3.445897203307495
1901.6666666666667, 3.406953815905338
1902.0, 3.4016069456118094
1902.3333333333333, 3.4712836018848714
1902.6666666666667, 3.346935130472583
1903.0, 3.3471243960096295
1903.3333333333333, 3.4398464408762406
1903.6666666666667, 3.480214994353782
1904.0, 3.5340807908436616
1904.3333333333333, 3.5990355820614885
1904.6666666666667, 3.577868801169971
1905.0, 3.5290963102116826
1905.3333333333333, 3.6152328682179955
1905.6666666666667, 3.6001801863649034
1906.0, 3.6547989074089093
1906.3333333333333, 3.696091663847143
1906.6666666666667, 3.677348343092226
1907.0, 3.703772128132079
1907.3333333333333, 3.7207483443896825
1907.6666666666667, 3.764986076703773
1908.0, 3.8660610184585176
1908.3333333333333, 3.92401458219132
1908.6666666666667, 3.8466544220739736
1909.0, 3.8163374047432645
1909.3333333333333, 3.9963877743652283
1909.6666666666667, 4.08211652507939
1910.0, 4.091443682876189
1910.3333333333333, 4.016813289639741
1910.6666666666667, 3.9009238239644786
1911.0, 3.8511514720879196
1911.3333333333333, 3.868302473989209
1911.6666666666667, 3.9212058956408433
1912.0, 3.8819663864335374
1912.3333333333333, 3.8882906742310817
1912.6666666666667, 3.7922182832364384
1913.0, 3.7884666090760133
1913.3333333333333, 3.857759600806934
1913.6666666666667, 3.7688626977077933
1914.0, 3.77328569063111
1914.3333333333333, 3.7938274971923525
1914.6666666666667, 3.630733986245464
1915.0, 3.5499083775404947
1915.3333333333333, 3.5886255714258644
1915.6666666666667, 3.5563128074666905
1916.0, 3.528738919321806
1916.3333333333333, 3.4369997624608972
1916.6666666666667, 3.3641982480670998
1917.0, 3.337562428951827
1917.3333333333333, 3.384881673139771
1917.6666666666667, 3.370081529027331
1918.0, 3.3737222846553956
1918.3333333333333, 3.3651163272528586
1918.6666666666667, 3.319578615831491
1919.0, 3.2851486734656548
1919.3333333333333, 3.3793314242896573
1919.6666666666667, 3.344136413782882
1920.0, 3.3761816888163865
1920.3333333333333, 3.3954169625003736
1920.6666666666667, 3.3722403970688752
1921.0, 3.324789821154279
1921.3333333333333, 3.4017357307675247
1921.6666666666667, 3.4848797419690447
1922.0, 3.488463734332271
1922.3333333333333, 3.488477219516549
1922.6666666666667, 3.4215314776786423
1923.0, 3.4525487442834852
